,0,GlaThiDa_index,RGI_index
0,0.0,1,80565
1,0.0,3,45885
2,0.0,3,45885
3,0.0,4,39548
4,0.0,4,39548
5,0.0,4,39548
6,0.0,5,45912
7,0.0,5,45912
8,0.0,5,45912
9,0.0,5,45912
10,0.0,6,43606
11,0.0,6,43606
12,0.0,6,43606
13,0.0,6,43606
14,0.0,6,43606
15,0.0,8,42607
16,0.0,8,42607
17,0.0,8,42607
18,0.0,8,42607
19,0.0,8,42607
20,0.0,8,42607
21,0.0,10,40980
22,0.0,10,40980
23,0.0,10,40980
24,0.0,10,40980
25,0.0,10,40980
26,0.0,10,40980
27,0.0,10,40980
28,0.0,24,40992
29,0.0,24,40992
30,0.0,24,40992
31,0.0,24,40992
32,0.0,24,40992
33,0.0,24,40992
34,0.0,24,40992
35,0.0,24,40992
36,0.0,94,90325
37,0.0,94,90325
38,0.0,94,90325
39,0.0,94,90325
40,0.0,94,90325
41,0.0,94,90325
42,0.0,94,90325
43,0.0,94,90325
44,0.0,94,90325
45,0.0,109,78991
46,0.0,109,78991
47,0.0,109,78991
48,0.0,109,78991
49,0.0,109,78991
50,0.0,109,78991
51,0.0,109,78991
52,0.0,109,78991
53,0.0,109,78991
54,0.0,109,78991
55,0.0,115,79842
56,0.0,115,79842
57,0.0,115,79842
58,0.0,115,79842
59,0.0,115,79842
60,0.0,115,79842
61,0.0,115,79842
62,0.0,115,79842
63,0.0,115,79842
64,0.0,115,79842
65,0.0,115,79842
66,0.0,149,79063
67,0.0,149,79063
68,0.0,149,79063
69,0.0,149,79063
70,0.0,149,79063
71,0.0,149,79063
72,0.0,149,79063
73,0.0,149,79063
74,0.0,149,79063
75,0.0,149,79063
76,0.0,149,79063
77,0.0,149,79063
78,0.0,175,84645
79,0.0,175,84645
80,0.0,175,84645
81,0.0,175,84645
82,0.0,175,84645
83,0.0,175,84645
84,0.0,175,84645
85,0.0,175,84645
86,0.0,175,84645
87,0.0,175,84645
88,0.0,175,84645
89,0.0,175,84645
90,0.0,175,84645
91,0.0,202,16369
92,0.0,202,16369
93,0.0,202,16369
94,0.0,202,16369
95,0.0,202,16369
96,0.0,202,16369
97,0.0,202,16369
98,0.0,202,16369
99,0.0,202,16369
100,0.0,202,16369
101,0.0,202,16369
102,0.0,202,16369
103,0.0,202,16369
104,0.0,202,16369
105,0.0,210,90303
106,0.0,210,90303
107,0.0,210,90303
108,0.0,210,90303
109,0.0,210,90303
110,0.0,210,90303
111,0.0,210,90303
112,0.0,210,90303
113,0.0,210,90303
114,0.0,210,90303
115,0.0,210,90303
116,0.0,210,90303
117,0.0,210,90303
118,0.0,210,90303
119,0.0,210,90303
120,0.0,219,124665
121,0.0,219,124665
122,0.0,219,124665
123,0.0,219,124665
124,0.0,219,124665
125,0.0,219,124665
126,0.0,219,124665
127,0.0,219,124665
128,0.0,219,124665
129,0.0,219,124665
130,0.0,219,124665
131,0.0,219,124665
132,0.0,219,124665
133,0.0,219,124665
134,0.0,219,124665
135,0.0,219,124665
136,0.0,232,90303
137,0.0,232,90303
138,0.0,232,90303
139,0.0,232,90303
140,0.0,232,90303
141,0.0,232,90303
142,0.0,232,90303
143,0.0,232,90303
144,0.0,232,90303
145,0.0,232,90303
146,0.0,232,90303
147,0.0,232,90303
148,0.0,232,90303
149,0.0,232,90303
150,0.0,232,90303
151,0.0,232,90303
152,0.0,232,90303
153,0.0,236,90532
154,0.0,236,90532
155,0.0,236,90532
156,0.0,236,90532
157,0.0,236,90532
158,0.0,236,90532
159,0.0,236,90532
160,0.0,236,90532
161,0.0,236,90532
162,0.0,236,90532
163,0.0,236,90532
164,0.0,236,90532
165,0.0,236,90532
166,0.0,236,90532
167,0.0,236,90532
168,0.0,236,90532
169,0.0,236,90532
170,0.0,236,90532
171,0.0,241,90325
172,0.0,241,90325
173,0.0,241,90325
174,0.0,241,90325
175,0.0,241,90325
176,0.0,241,90325
177,0.0,241,90325
178,0.0,241,90325
179,0.0,241,90325
180,0.0,241,90325
181,0.0,241,90325
182,0.0,241,90325
183,0.0,241,90325
184,0.0,241,90325
185,0.0,241,90325
186,0.0,241,90325
187,0.0,241,90325
188,0.0,241,90325
189,0.0,241,90325
190,0.0,259,69114
191,0.0,259,69114
192,0.0,259,69114
193,0.0,259,69114
194,0.0,259,69114
195,0.0,259,69114
196,0.0,259,69114
197,0.0,259,69114
198,0.0,259,69114
199,0.0,259,69114
200,0.0,259,69114
201,0.0,259,69114
202,0.0,259,69114
203,0.0,259,69114
204,0.0,259,69114
205,0.0,259,69114
206,0.0,259,69114
207,0.0,259,69114
208,0.0,259,69114
209,0.0,259,69114
210,0.0,266,82034
211,0.0,266,82034
212,0.0,266,82034
213,0.0,266,82034
214,0.0,266,82034
215,0.0,266,82034
216,0.0,266,82034
217,0.0,266,82034
218,0.0,266,82034
219,0.0,266,82034
220,0.0,266,82034
221,0.0,266,82034
222,0.0,266,82034
223,0.0,266,82034
224,0.0,266,82034
225,0.0,266,82034
226,0.0,266,82034
227,0.0,266,82034
228,0.0,266,82034
229,0.0,266,82034
230,0.0,266,82034
231,0.0,273,44130
232,0.0,273,44130
233,0.0,273,44130
234,0.0,273,44130
235,0.0,273,44130
236,0.0,273,44130
237,0.0,273,44130
238,0.0,273,44130
239,0.0,273,44130
240,0.0,273,44130
241,0.0,273,44130
242,0.0,273,44130
243,0.0,273,44130
244,0.0,273,44130
245,0.0,273,44130
246,0.0,273,44130
247,0.0,273,44130
248,0.0,273,44130
249,0.0,273,44130
250,0.0,273,44130
251,0.0,273,44130
252,0.0,273,44130
253,0.0,395,92787
254,0.0,395,92787
255,0.0,395,92787
256,0.0,395,92787
257,0.0,395,92787
258,0.0,395,92787
259,0.0,395,92787
260,0.0,395,92787
261,0.0,395,92787
262,0.0,395,92787
263,0.0,395,92787
264,0.0,395,92787
265,0.0,395,92787
266,0.0,395,92787
267,0.0,395,92787
268,0.0,395,92787
269,0.0,395,92787
270,0.0,395,92787
271,0.0,395,92787
272,0.0,395,92787
273,0.0,395,92787
274,0.0,395,92787
275,0.0,395,92787
276,0.0,442,92810
277,0.0,442,92810
278,0.0,442,92810
279,0.0,442,92810
280,0.0,442,92810
281,0.0,442,92810
282,0.0,442,92810
283,0.0,442,92810
284,0.0,442,92810
285,0.0,442,92810
286,0.0,442,92810
287,0.0,442,92810
288,0.0,442,92810
289,0.0,442,92810
290,0.0,442,92810
291,0.0,442,92810
292,0.0,442,92810
293,0.0,442,92810
294,0.0,442,92810
295,0.0,442,92810
296,0.0,442,92810
297,0.0,442,92810
298,0.0,442,92810
299,0.0,442,92810
300,0.0,445,90576
301,0.0,445,90576
302,0.0,445,90576
303,0.0,445,90576
304,0.0,445,90576
305,0.0,445,90576
306,0.0,445,90576
307,0.0,445,90576
308,0.0,445,90576
309,0.0,445,90576
310,0.0,445,90576
311,0.0,445,90576
312,0.0,445,90576
313,0.0,445,90576
314,0.0,445,90576
315,0.0,445,90576
316,0.0,445,90576
317,0.0,445,90576
318,0.0,445,90576
319,0.0,445,90576
320,0.0,445,90576
321,0.0,445,90576
322,0.0,445,90576
323,0.0,445,90576
324,0.0,445,90576
325,0.0,447,90661
326,0.0,447,90661
327,0.0,447,90661
328,0.0,447,90661
329,0.0,447,90661
330,0.0,447,90661
331,0.0,447,90661
332,0.0,447,90661
333,0.0,447,90661
334,0.0,447,90661
335,0.0,447,90661
336,0.0,447,90661
337,0.0,447,90661
338,0.0,447,90661
339,0.0,447,90661
340,0.0,447,90661
341,0.0,447,90661
342,0.0,447,90661
343,0.0,447,90661
344,0.0,447,90661
345,0.0,447,90661
346,0.0,447,90661
347,0.0,447,90661
348,0.0,447,90661
349,0.0,447,90661
350,0.0,447,90661
351,0.0,465,90532
352,0.0,465,90532
353,0.0,465,90532
354,0.0,465,90532
355,0.0,465,90532
356,0.0,465,90532
357,0.0,465,90532
358,0.0,465,90532
359,0.0,465,90532
360,0.0,465,90532
361,0.0,465,90532
362,0.0,465,90532
363,0.0,465,90532
364,0.0,465,90532
365,0.0,465,90532
366,0.0,465,90532
367,0.0,465,90532
368,0.0,465,90532
369,0.0,465,90532
370,0.0,465,90532
371,0.0,465,90532
372,0.0,465,90532
373,0.0,465,90532
374,0.0,465,90532
375,0.0,465,90532
376,0.0,465,90532
377,0.0,465,90532
378,0.0,469,90325
379,0.0,469,90325
380,0.0,469,90325
381,0.0,469,90325
382,0.0,469,90325
383,0.0,469,90325
384,0.0,469,90325
385,0.0,469,90325
386,0.0,469,90325
387,0.0,469,90325
388,0.0,469,90325
389,0.0,469,90325
390,0.0,469,90325
391,0.0,469,90325
392,0.0,469,90325
393,0.0,469,90325
394,0.0,469,90325
395,0.0,469,90325
396,0.0,469,90325
397,0.0,469,90325
398,0.0,469,90325
399,0.0,469,90325
400,0.0,469,90325
401,0.0,469,90325
402,0.0,469,90325
403,0.0,469,90325
404,0.0,469,90325
405,0.0,469,90325
406,0.0,472,90126
407,0.0,472,90126
408,0.0,472,90126
409,0.0,472,90126
410,0.0,472,90126
411,0.0,472,90126
412,0.0,472,90126
413,0.0,472,90126
414,0.0,472,90126
415,0.0,472,90126
416,0.0,472,90126
417,0.0,472,90126
418,0.0,472,90126
419,0.0,472,90126
420,0.0,472,90126
421,0.0,472,90126
422,0.0,472,90126
423,0.0,472,90126
424,0.0,472,90126
425,0.0,472,90126
426,0.0,472,90126
427,0.0,472,90126
428,0.0,472,90126
429,0.0,472,90126
430,0.0,472,90126
431,0.0,472,90126
432,0.0,472,90126
433,0.0,472,90126
434,0.0,472,90126
435,0.0,510,90701
436,0.0,510,90701
437,0.0,510,90701
438,0.0,510,90701
439,0.0,510,90701
440,0.0,510,90701
441,0.0,510,90701
442,0.0,510,90701
443,0.0,510,90701
444,0.0,510,90701
445,0.0,510,90701
446,0.0,510,90701
447,0.0,510,90701
448,0.0,510,90701
449,0.0,510,90701
450,0.0,510,90701
451,0.0,510,90701
452,0.0,510,90701
453,0.0,510,90701
454,0.0,510,90701
455,0.0,510,90701
456,0.0,510,90701
457,0.0,510,90701
458,0.0,510,90701
459,0.0,510,90701
460,0.0,510,90701
461,0.0,510,90701
462,0.0,510,90701
463,0.0,510,90701
464,0.0,510,90701
465,0.0,522,191896
466,0.0,522,191896
467,0.0,522,191896
468,0.0,522,191896
469,0.0,522,191896
470,0.0,522,191896
471,0.0,522,191896
472,0.0,522,191896
473,0.0,522,191896
474,0.0,522,191896
475,0.0,522,191896
476,0.0,522,191896
477,0.0,522,191896
478,0.0,522,191896
479,0.0,522,191896
480,0.0,522,191896
481,0.0,522,191896
482,0.0,522,191896
483,0.0,522,191896
484,0.0,522,191896
485,0.0,522,191896
486,0.0,522,191896
487,0.0,522,191896
488,0.0,522,191896
489,0.0,522,191896
490,0.0,522,191896
491,0.0,522,191896
492,0.0,522,191896
493,0.0,522,191896
494,0.0,522,191896
495,0.0,522,191896
496,0.0,523,192714
497,0.0,523,192714
498,0.0,523,192714
499,0.0,523,192714
500,0.0,523,192714
501,0.0,523,192714
502,0.0,523,192714
503,0.0,523,192714
504,0.0,523,192714
505,0.0,523,192714
506,0.0,523,192714
507,0.0,523,192714
508,0.0,523,192714
509,0.0,523,192714
510,0.0,523,192714
511,0.0,523,192714
512,0.0,523,192714
513,0.0,523,192714
514,0.0,523,192714
515,0.0,523,192714
516,0.0,523,192714
517,0.0,523,192714
518,0.0,523,192714
519,0.0,523,192714
520,0.0,523,192714
521,0.0,523,192714
522,0.0,523,192714
523,0.0,523,192714
524,0.0,523,192714
525,0.0,523,192714
526,0.0,523,192714
527,0.0,523,192714
528,0.0,527,91358
529,0.0,527,91358
530,0.0,527,91358
531,0.0,527,91358
532,0.0,527,91358
533,0.0,527,91358
534,0.0,527,91358
535,0.0,527,91358
536,0.0,527,91358
537,0.0,527,91358
538,0.0,527,91358
539,0.0,527,91358
540,0.0,527,91358
541,0.0,527,91358
542,0.0,527,91358
543,0.0,527,91358
544,0.0,527,91358
545,0.0,527,91358
546,0.0,527,91358
547,0.0,527,91358
548,0.0,527,91358
549,0.0,527,91358
550,0.0,527,91358
551,0.0,527,91358
552,0.0,527,91358
553,0.0,527,91358
554,0.0,527,91358
555,0.0,527,91358
556,0.0,527,91358
557,0.0,527,91358
558,0.0,527,91358
559,0.0,527,91358
560,0.0,527,91358
561,0.0,530,92462
562,0.0,530,92462
563,0.0,530,92462
564,0.0,530,92462
565,0.0,530,92462
566,0.0,530,92462
567,0.0,530,92462
568,0.0,530,92462
569,0.0,530,92462
570,0.0,530,92462
571,0.0,530,92462
572,0.0,530,92462
573,0.0,530,92462
574,0.0,530,92462
575,0.0,530,92462
576,0.0,530,92462
577,0.0,530,92462
578,0.0,530,92462
579,0.0,530,92462
580,0.0,530,92462
581,0.0,530,92462
582,0.0,530,92462
583,0.0,530,92462
584,0.0,530,92462
585,0.0,530,92462
586,0.0,530,92462
587,0.0,530,92462
588,0.0,530,92462
589,0.0,530,92462
590,0.0,530,92462
591,0.0,530,92462
592,0.0,530,92462
593,0.0,530,92462
594,0.0,530,92462
595,0.0,532,91390
596,0.0,532,91390
597,0.0,532,91390
598,0.0,532,91390
599,0.0,532,91390
600,0.0,532,91390
601,0.0,532,91390
602,0.0,532,91390
603,0.0,532,91390
604,0.0,532,91390
605,0.0,532,91390
606,0.0,532,91390
607,0.0,532,91390
608,0.0,532,91390
609,0.0,532,91390
610,0.0,532,91390
611,0.0,532,91390
612,0.0,532,91390
613,0.0,532,91390
614,0.0,532,91390
615,0.0,532,91390
616,0.0,532,91390
617,0.0,532,91390
618,0.0,532,91390
619,0.0,532,91390
620,0.0,532,91390
621,0.0,532,91390
622,0.0,532,91390
623,0.0,532,91390
624,0.0,532,91390
625,0.0,532,91390
626,0.0,532,91390
627,0.0,532,91390
628,0.0,532,91390
629,0.0,532,91390
630,0.0,534,92258
631,0.0,534,92258
632,0.0,534,92258
633,0.0,534,92258
634,0.0,534,92258
635,0.0,534,92258
636,0.0,534,92258
637,0.0,534,92258
638,0.0,534,92258
639,0.0,534,92258
640,0.0,534,92258
641,0.0,534,92258
642,0.0,534,92258
643,0.0,534,92258
644,0.0,534,92258
645,0.0,534,92258
646,0.0,534,92258
647,0.0,534,92258
648,0.0,534,92258
649,0.0,534,92258
650,0.0,534,92258
651,0.0,534,92258
652,0.0,534,92258
653,0.0,534,92258
654,0.0,534,92258
655,0.0,534,92258
656,0.0,534,92258
657,0.0,534,92258
658,0.0,534,92258
659,0.0,534,92258
660,0.0,534,92258
661,0.0,534,92258
662,0.0,534,92258
663,0.0,534,92258
664,0.0,534,92258
665,0.0,534,92258
666,0.0,537,92263
667,0.0,537,92263
668,0.0,537,92263
669,0.0,537,92263
670,0.0,537,92263
671,0.0,537,92263
672,0.0,537,92263
673,0.0,537,92263
674,0.0,537,92263
675,0.0,537,92263
676,0.0,537,92263
677,0.0,537,92263
678,0.0,537,92263
679,0.0,537,92263
680,0.0,537,92263
681,0.0,537,92263
682,0.0,537,92263
683,0.0,537,92263
684,0.0,537,92263
685,0.0,537,92263
686,0.0,537,92263
687,0.0,537,92263
688,0.0,537,92263
689,0.0,537,92263
690,0.0,537,92263
691,0.0,537,92263
692,0.0,537,92263
693,0.0,537,92263
694,0.0,537,92263
695,0.0,537,92263
696,0.0,537,92263
697,0.0,537,92263
698,0.0,537,92263
699,0.0,537,92263
700,0.0,537,92263
701,0.0,537,92263
702,0.0,537,92263
703,0.0,582,95073
704,0.0,582,95073
705,0.0,582,95073
706,0.0,582,95073
707,0.0,582,95073
708,0.0,582,95073
709,0.0,582,95073
710,0.0,582,95073
711,0.0,582,95073
712,0.0,582,95073
713,0.0,582,95073
714,0.0,582,95073
715,0.0,582,95073
716,0.0,582,95073
717,0.0,582,95073
718,0.0,582,95073
719,0.0,582,95073
720,0.0,582,95073
721,0.0,582,95073
722,0.0,582,95073
723,0.0,582,95073
724,0.0,582,95073
725,0.0,582,95073
726,0.0,582,95073
727,0.0,582,95073
728,0.0,582,95073
729,0.0,582,95073
730,0.0,582,95073
731,0.0,582,95073
732,0.0,582,95073
733,0.0,582,95073
734,0.0,582,95073
735,0.0,582,95073
736,0.0,582,95073
737,0.0,582,95073
738,0.0,582,95073
739,0.0,582,95073
740,0.0,582,95073
741,0.0,583,95073
742,0.0,583,95073
743,0.0,583,95073
744,0.0,583,95073
745,0.0,583,95073
746,0.0,583,95073
747,0.0,583,95073
748,0.0,583,95073
749,0.0,583,95073
750,0.0,583,95073
751,0.0,583,95073
752,0.0,583,95073
753,0.0,583,95073
754,0.0,583,95073
755,0.0,583,95073
756,0.0,583,95073
757,0.0,583,95073
758,0.0,583,95073
759,0.0,583,95073
760,0.0,583,95073
761,0.0,583,95073
762,0.0,583,95073
763,0.0,583,95073
764,0.0,583,95073
765,0.0,583,95073
766,0.0,583,95073
767,0.0,583,95073
768,0.0,583,95073
769,0.0,583,95073
770,0.0,583,95073
771,0.0,583,95073
772,0.0,583,95073
773,0.0,583,95073
774,0.0,583,95073
775,0.0,583,95073
776,0.0,583,95073
777,0.0,583,95073
778,0.0,583,95073
779,0.0,583,95073
780,0.0,585,79190
781,0.0,585,79190
782,0.0,585,79190
783,0.0,585,79190
784,0.0,585,79190
785,0.0,585,79190
786,0.0,585,79190
787,0.0,585,79190
788,0.0,585,79190
789,0.0,585,79190
790,0.0,585,79190
791,0.0,585,79190
792,0.0,585,79190
793,0.0,585,79190
794,0.0,585,79190
795,0.0,585,79190
796,0.0,585,79190
797,0.0,585,79190
798,0.0,585,79190
799,0.0,585,79190
800,0.0,585,79190
801,0.0,585,79190
802,0.0,585,79190
803,0.0,585,79190
804,0.0,585,79190
805,0.0,585,79190
806,0.0,585,79190
807,0.0,585,79190
808,0.0,585,79190
809,0.0,585,79190
810,0.0,585,79190
811,0.0,585,79190
812,0.0,585,79190
813,0.0,585,79190
814,0.0,585,79190
815,0.0,585,79190
816,0.0,585,79190
817,0.0,585,79190
818,0.0,585,79190
819,0.0,585,79190
820,0.0,586,79171
821,0.0,586,79171
822,0.0,586,79171
823,0.0,586,79171
824,0.0,586,79171
825,0.0,586,79171
826,0.0,586,79171
827,0.0,586,79171
828,0.0,586,79171
829,0.0,586,79171
830,0.0,586,79171
831,0.0,586,79171
832,0.0,586,79171
833,0.0,586,79171
834,0.0,586,79171
835,0.0,586,79171
836,0.0,586,79171
837,0.0,586,79171
838,0.0,586,79171
839,0.0,586,79171
840,0.0,586,79171
841,0.0,586,79171
842,0.0,586,79171
843,0.0,586,79171
844,0.0,586,79171
845,0.0,586,79171
846,0.0,586,79171
847,0.0,586,79171
848,0.0,586,79171
849,0.0,586,79171
850,0.0,586,79171
851,0.0,586,79171
852,0.0,586,79171
853,0.0,586,79171
854,0.0,586,79171
855,0.0,586,79171
856,0.0,586,79171
857,0.0,586,79171
858,0.0,586,79171
859,0.0,586,79171
860,0.0,586,79171
861,0.0,594,30518
862,0.0,594,30518
863,0.0,594,30518
864,0.0,594,30518
865,0.0,594,30518
866,0.0,594,30518
867,0.0,594,30518
868,0.0,594,30518
869,0.0,594,30518
870,0.0,594,30518
871,0.0,594,30518
872,0.0,594,30518
873,0.0,594,30518
874,0.0,594,30518
875,0.0,594,30518
876,0.0,594,30518
877,0.0,594,30518
878,0.0,594,30518
879,0.0,594,30518
880,0.0,594,30518
881,0.0,594,30518
882,0.0,594,30518
883,0.0,594,30518
884,0.0,594,30518
885,0.0,594,30518
886,0.0,594,30518
887,0.0,594,30518
888,0.0,594,30518
889,0.0,594,30518
890,0.0,594,30518
891,0.0,594,30518
892,0.0,594,30518
893,0.0,594,30518
894,0.0,594,30518
895,0.0,594,30518
896,0.0,594,30518
897,0.0,594,30518
898,0.0,594,30518
899,0.0,594,30518
900,0.0,594,30518
901,0.0,594,30518
902,0.0,594,30518
903,0.0,605,127363
904,0.0,605,127363
905,0.0,605,127363
906,0.0,605,127363
907,0.0,605,127363
908,0.0,605,127363
909,0.0,605,127363
910,0.0,605,127363
911,0.0,605,127363
912,0.0,605,127363
913,0.0,605,127363
914,0.0,605,127363
915,0.0,605,127363
916,0.0,605,127363
917,0.0,605,127363
918,0.0,605,127363
919,0.0,605,127363
920,0.0,605,127363
921,0.0,605,127363
922,0.0,605,127363
923,0.0,605,127363
924,0.0,605,127363
925,0.0,605,127363
926,0.0,605,127363
927,0.0,605,127363
928,0.0,605,127363
929,0.0,605,127363
930,0.0,605,127363
931,0.0,605,127363
932,0.0,605,127363
933,0.0,605,127363
934,0.0,605,127363
935,0.0,605,127363
936,0.0,605,127363
937,0.0,605,127363
938,0.0,605,127363
939,0.0,605,127363
940,0.0,605,127363
941,0.0,605,127363
942,0.0,605,127363
943,0.0,605,127363
944,0.0,605,127363
945,0.0,605,127363
946,0.0,606,143073
947,0.0,606,143073
948,0.0,606,143073
949,0.0,606,143073
950,0.0,606,143073
951,0.0,606,143073
952,0.0,606,143073
953,0.0,606,143073
954,0.0,606,143073
955,0.0,606,143073
956,0.0,606,143073
957,0.0,606,143073
958,0.0,606,143073
959,0.0,606,143073
960,0.0,606,143073
961,0.0,606,143073
962,0.0,606,143073
963,0.0,606,143073
964,0.0,606,143073
965,0.0,606,143073
966,0.0,606,143073
967,0.0,606,143073
968,0.0,606,143073
969,0.0,606,143073
970,0.0,606,143073
971,0.0,606,143073
972,0.0,606,143073
973,0.0,606,143073
974,0.0,606,143073
975,0.0,606,143073
976,0.0,606,143073
977,0.0,606,143073
978,0.0,606,143073
979,0.0,606,143073
980,0.0,606,143073
981,0.0,606,143073
982,0.0,606,143073
983,0.0,606,143073
984,0.0,606,143073
985,0.0,606,143073
986,0.0,606,143073
987,0.0,606,143073
988,0.0,606,143073
989,0.0,606,143073
990,0.0,607,144037
991,0.0,607,144037
992,0.0,607,144037
993,0.0,607,144037
994,0.0,607,144037
995,0.0,607,144037
996,0.0,607,144037
997,0.0,607,144037
998,0.0,607,144037
999,0.0,607,144037
1000,0.0,607,144037
1001,0.0,607,144037
1002,0.0,607,144037
1003,0.0,607,144037
1004,0.0,607,144037
1005,0.0,607,144037
1006,0.0,607,144037
1007,0.0,607,144037
1008,0.0,607,144037
1009,0.0,607,144037
1010,0.0,607,144037
1011,0.0,607,144037
1012,0.0,607,144037
1013,0.0,607,144037
1014,0.0,607,144037
1015,0.0,607,144037
1016,0.0,607,144037
1017,0.0,607,144037
1018,0.0,607,144037
1019,0.0,607,144037
1020,0.0,607,144037
1021,0.0,607,144037
1022,0.0,607,144037
1023,0.0,607,144037
1024,0.0,607,144037
1025,0.0,607,144037
1026,0.0,607,144037
1027,0.0,607,144037
1028,0.0,607,144037
1029,0.0,607,144037
1030,0.0,607,144037
1031,0.0,607,144037
1032,0.0,607,144037
1033,0.0,607,144037
1034,0.0,607,144037
1035,0.0,608,138991
1036,0.0,608,138991
1037,0.0,608,138991
1038,0.0,608,138991
1039,0.0,608,138991
1040,0.0,608,138991
1041,0.0,608,138991
1042,0.0,608,138991
1043,0.0,608,138991
1044,0.0,608,138991
1045,0.0,608,138991
1046,0.0,608,138991
1047,0.0,608,138991
1048,0.0,608,138991
1049,0.0,608,138991
1050,0.0,608,138991
1051,0.0,608,138991
1052,0.0,608,138991
1053,0.0,608,138991
1054,0.0,608,138991
1055,0.0,608,138991
1056,0.0,608,138991
1057,0.0,608,138991
1058,0.0,608,138991
1059,0.0,608,138991
1060,0.0,608,138991
1061,0.0,608,138991
1062,0.0,608,138991
1063,0.0,608,138991
1064,0.0,608,138991
1065,0.0,608,138991
1066,0.0,608,138991
1067,0.0,608,138991
1068,0.0,608,138991
1069,0.0,608,138991
1070,0.0,608,138991
1071,0.0,608,138991
1072,0.0,608,138991
1073,0.0,608,138991
1074,0.0,608,138991
1075,0.0,608,138991
1076,0.0,608,138991
1077,0.0,608,138991
1078,0.0,608,138991
1079,0.0,608,138991
1080,0.0,608,138991
1081,0.0,609,128156
1082,0.0,609,128156
1083,0.0,609,128156
1084,0.0,609,128156
1085,0.0,609,128156
1086,0.0,609,128156
1087,0.0,609,128156
1088,0.0,609,128156
1089,0.0,609,128156
1090,0.0,609,128156
1091,0.0,609,128156
1092,0.0,609,128156
1093,0.0,609,128156
1094,0.0,609,128156
1095,0.0,609,128156
1096,0.0,609,128156
1097,0.0,609,128156
1098,0.0,609,128156
1099,0.0,609,128156
1100,0.0,609,128156
1101,0.0,609,128156
1102,0.0,609,128156
1103,0.0,609,128156
1104,0.0,609,128156
1105,0.0,609,128156
1106,0.0,609,128156
1107,0.0,609,128156
1108,0.0,609,128156
1109,0.0,609,128156
1110,0.0,609,128156
1111,0.0,609,128156
1112,0.0,609,128156
1113,0.0,609,128156
1114,0.0,609,128156
1115,0.0,609,128156
1116,0.0,609,128156
1117,0.0,609,128156
1118,0.0,609,128156
1119,0.0,609,128156
1120,0.0,609,128156
1121,0.0,609,128156
1122,0.0,609,128156
1123,0.0,609,128156
1124,0.0,609,128156
1125,0.0,609,128156
1126,0.0,609,128156
1127,0.0,609,128156
1128,0.0,610,65935
1129,0.0,610,65935
1130,0.0,610,65935
1131,0.0,610,65935
1132,0.0,610,65935
1133,0.0,610,65935
1134,0.0,610,65935
1135,0.0,610,65935
1136,0.0,610,65935
1137,0.0,610,65935
1138,0.0,610,65935
1139,0.0,610,65935
1140,0.0,610,65935
1141,0.0,610,65935
1142,0.0,610,65935
1143,0.0,610,65935
1144,0.0,610,65935
1145,0.0,610,65935
1146,0.0,610,65935
1147,0.0,610,65935
1148,0.0,610,65935
1149,0.0,610,65935
1150,0.0,610,65935
1151,0.0,610,65935
1152,0.0,610,65935
1153,0.0,610,65935
1154,0.0,610,65935
1155,0.0,610,65935
1156,0.0,610,65935
1157,0.0,610,65935
1158,0.0,610,65935
1159,0.0,610,65935
1160,0.0,610,65935
1161,0.0,610,65935
1162,0.0,610,65935
1163,0.0,610,65935
1164,0.0,610,65935
1165,0.0,610,65935
1166,0.0,610,65935
1167,0.0,610,65935
1168,0.0,610,65935
1169,0.0,610,65935
1170,0.0,610,65935
1171,0.0,610,65935
1172,0.0,610,65935
1173,0.0,610,65935
1174,0.0,610,65935
1175,0.0,610,65935
1176,0.0,618,79799
1177,0.0,618,79799
1178,0.0,618,79799
1179,0.0,618,79799
1180,0.0,618,79799
1181,0.0,618,79799
1182,0.0,618,79799
1183,0.0,618,79799
1184,0.0,618,79799
1185,0.0,618,79799
1186,0.0,618,79799
1187,0.0,618,79799
1188,0.0,618,79799
1189,0.0,618,79799
1190,0.0,618,79799
1191,0.0,618,79799
1192,0.0,618,79799
1193,0.0,618,79799
1194,0.0,618,79799
1195,0.0,618,79799
1196,0.0,618,79799
1197,0.0,618,79799
1198,0.0,618,79799
1199,0.0,618,79799
1200,0.0,618,79799
1201,0.0,618,79799
1202,0.0,618,79799
1203,0.0,618,79799
1204,0.0,618,79799
1205,0.0,618,79799
1206,0.0,618,79799
1207,0.0,618,79799
1208,0.0,618,79799
1209,0.0,618,79799
1210,0.0,618,79799
1211,0.0,618,79799
1212,0.0,618,79799
1213,0.0,618,79799
1214,0.0,618,79799
1215,0.0,618,79799
1216,0.0,618,79799
1217,0.0,618,79799
1218,0.0,618,79799
1219,0.0,618,79799
1220,0.0,618,79799
1221,0.0,618,79799
1222,0.0,618,79799
1223,0.0,618,79799
1224,0.0,618,79799
1225,0.0,619,79852
1226,0.0,619,79852
1227,0.0,619,79852
1228,0.0,619,79852
1229,0.0,619,79852
1230,0.0,619,79852
1231,0.0,619,79852
1232,0.0,619,79852
1233,0.0,619,79852
1234,0.0,619,79852
1235,0.0,619,79852
1236,0.0,619,79852
1237,0.0,619,79852
1238,0.0,619,79852
1239,0.0,619,79852
1240,0.0,619,79852
1241,0.0,619,79852
1242,0.0,619,79852
1243,0.0,619,79852
1244,0.0,619,79852
1245,0.0,619,79852
1246,0.0,619,79852
1247,0.0,619,79852
1248,0.0,619,79852
1249,0.0,619,79852
1250,0.0,619,79852
1251,0.0,619,79852
1252,0.0,619,79852
1253,0.0,619,79852
1254,0.0,619,79852
1255,0.0,619,79852
1256,0.0,619,79852
1257,0.0,619,79852
1258,0.0,619,79852
1259,0.0,619,79852
1260,0.0,619,79852
1261,0.0,619,79852
1262,0.0,619,79852
1263,0.0,619,79852
1264,0.0,619,79852
1265,0.0,619,79852
1266,0.0,619,79852
1267,0.0,619,79852
1268,0.0,619,79852
1269,0.0,619,79852
1270,0.0,619,79852
1271,0.0,619,79852
1272,0.0,619,79852
1273,0.0,619,79852
1274,0.0,619,79852
1275,0.0,621,79843
1276,0.0,621,79843
1277,0.0,621,79843
1278,0.0,621,79843
1279,0.0,621,79843
1280,0.0,621,79843
1281,0.0,621,79843
1282,0.0,621,79843
1283,0.0,621,79843
1284,0.0,621,79843
1285,0.0,621,79843
1286,0.0,621,79843
1287,0.0,621,79843
1288,0.0,621,79843
1289,0.0,621,79843
1290,0.0,621,79843
1291,0.0,621,79843
1292,0.0,621,79843
1293,0.0,621,79843
1294,0.0,621,79843
1295,0.0,621,79843
1296,0.0,621,79843
1297,0.0,621,79843
1298,0.0,621,79843
1299,0.0,621,79843
1300,0.0,621,79843
1301,0.0,621,79843
1302,0.0,621,79843
1303,0.0,621,79843
1304,0.0,621,79843
1305,0.0,621,79843
1306,0.0,621,79843
1307,0.0,621,79843
1308,0.0,621,79843
1309,0.0,621,79843
1310,0.0,621,79843
1311,0.0,621,79843
1312,0.0,621,79843
1313,0.0,621,79843
1314,0.0,621,79843
1315,0.0,621,79843
1316,0.0,621,79843
1317,0.0,621,79843
1318,0.0,621,79843
1319,0.0,621,79843
1320,0.0,621,79843
1321,0.0,621,79843
1322,0.0,621,79843
1323,0.0,621,79843
1324,0.0,621,79843
1325,0.0,621,79843
1326,0.0,622,79862
1327,0.0,622,79862
1328,0.0,622,79862
1329,0.0,622,79862
1330,0.0,622,79862
1331,0.0,622,79862
1332,0.0,622,79862
1333,0.0,622,79862
1334,0.0,622,79862
1335,0.0,622,79862
1336,0.0,622,79862
1337,0.0,622,79862
1338,0.0,622,79862
1339,0.0,622,79862
1340,0.0,622,79862
1341,0.0,622,79862
1342,0.0,622,79862
1343,0.0,622,79862
1344,0.0,622,79862
1345,0.0,622,79862
1346,0.0,622,79862
1347,0.0,622,79862
1348,0.0,622,79862
1349,0.0,622,79862
1350,0.0,622,79862
1351,0.0,622,79862
1352,0.0,622,79862
1353,0.0,622,79862
1354,0.0,622,79862
1355,0.0,622,79862
1356,0.0,622,79862
1357,0.0,622,79862
1358,0.0,622,79862
1359,0.0,622,79862
1360,0.0,622,79862
1361,0.0,622,79862
1362,0.0,622,79862
1363,0.0,622,79862
1364,0.0,622,79862
1365,0.0,622,79862
1366,0.0,622,79862
1367,0.0,622,79862
1368,0.0,622,79862
1369,0.0,622,79862
1370,0.0,622,79862
1371,0.0,622,79862
1372,0.0,622,79862
1373,0.0,622,79862
1374,0.0,622,79862
1375,0.0,622,79862
1376,0.0,622,79862
1377,0.0,622,79862
1378,0.0,623,79848
1379,0.0,623,79848
1380,0.0,623,79848
1381,0.0,623,79848
1382,0.0,623,79848
1383,0.0,623,79848
1384,0.0,623,79848
1385,0.0,623,79848
1386,0.0,623,79848
1387,0.0,623,79848
1388,0.0,623,79848
1389,0.0,623,79848
1390,0.0,623,79848
1391,0.0,623,79848
1392,0.0,623,79848
1393,0.0,623,79848
1394,0.0,623,79848
1395,0.0,623,79848
1396,0.0,623,79848
1397,0.0,623,79848
1398,0.0,623,79848
1399,0.0,623,79848
1400,0.0,623,79848
1401,0.0,623,79848
1402,0.0,623,79848
1403,0.0,623,79848
1404,0.0,623,79848
1405,0.0,623,79848
1406,0.0,623,79848
1407,0.0,623,79848
1408,0.0,623,79848
1409,0.0,623,79848
1410,0.0,623,79848
1411,0.0,623,79848
1412,0.0,623,79848
1413,0.0,623,79848
1414,0.0,623,79848
1415,0.0,623,79848
1416,0.0,623,79848
1417,0.0,623,79848
1418,0.0,623,79848
1419,0.0,623,79848
1420,0.0,623,79848
1421,0.0,623,79848
1422,0.0,623,79848
1423,0.0,623,79848
1424,0.0,623,79848
1425,0.0,623,79848
1426,0.0,623,79848
1427,0.0,623,79848
1428,0.0,623,79848
1429,0.0,623,79848
1430,0.0,623,79848
1431,0.0,624,80328
1432,0.0,624,80328
1433,0.0,624,80328
1434,0.0,624,80328
1435,0.0,624,80328
1436,0.0,624,80328
1437,0.0,624,80328
1438,0.0,624,80328
1439,0.0,624,80328
1440,0.0,624,80328
1441,0.0,624,80328
1442,0.0,624,80328
1443,0.0,624,80328
1444,0.0,624,80328
1445,0.0,624,80328
1446,0.0,624,80328
1447,0.0,624,80328
1448,0.0,624,80328
1449,0.0,624,80328
1450,0.0,624,80328
1451,0.0,624,80328
1452,0.0,624,80328
1453,0.0,624,80328
1454,0.0,624,80328
1455,0.0,624,80328
1456,0.0,624,80328
1457,0.0,624,80328
1458,0.0,624,80328
1459,0.0,624,80328
1460,0.0,624,80328
1461,0.0,624,80328
1462,0.0,624,80328
1463,0.0,624,80328
1464,0.0,624,80328
1465,0.0,624,80328
1466,0.0,624,80328
1467,0.0,624,80328
1468,0.0,624,80328
1469,0.0,624,80328
1470,0.0,624,80328
1471,0.0,624,80328
1472,0.0,624,80328
1473,0.0,624,80328
1474,0.0,624,80328
1475,0.0,624,80328
1476,0.0,624,80328
1477,0.0,624,80328
1478,0.0,624,80328
1479,0.0,624,80328
1480,0.0,624,80328
1481,0.0,624,80328
1482,0.0,624,80328
1483,0.0,624,80328
1484,0.0,624,80328
1485,0.0,625,79827
1486,0.0,625,79827
1487,0.0,625,79827
1488,0.0,625,79827
1489,0.0,625,79827
1490,0.0,625,79827
1491,0.0,625,79827
1492,0.0,625,79827
1493,0.0,625,79827
1494,0.0,625,79827
1495,0.0,625,79827
1496,0.0,625,79827
1497,0.0,625,79827
1498,0.0,625,79827
1499,0.0,625,79827
1500,0.0,625,79827
1501,0.0,625,79827
1502,0.0,625,79827
1503,0.0,625,79827
1504,0.0,625,79827
1505,0.0,625,79827
1506,0.0,625,79827
1507,0.0,625,79827
1508,0.0,625,79827
1509,0.0,625,79827
1510,0.0,625,79827
1511,0.0,625,79827
1512,0.0,625,79827
1513,0.0,625,79827
1514,0.0,625,79827
1515,0.0,625,79827
1516,0.0,625,79827
1517,0.0,625,79827
1518,0.0,625,79827
1519,0.0,625,79827
1520,0.0,625,79827
1521,0.0,625,79827
1522,0.0,625,79827
1523,0.0,625,79827
1524,0.0,625,79827
1525,0.0,625,79827
1526,0.0,625,79827
1527,0.0,625,79827
1528,0.0,625,79827
1529,0.0,625,79827
1530,0.0,625,79827
1531,0.0,625,79827
1532,0.0,625,79827
1533,0.0,625,79827
1534,0.0,625,79827
1535,0.0,625,79827
1536,0.0,625,79827
1537,0.0,625,79827
1538,0.0,625,79827
1539,0.0,625,79827
1540,0.0,626,79857
1541,0.0,626,79857
1542,0.0,626,79857
1543,0.0,626,79857
1544,0.0,626,79857
1545,0.0,626,79857
1546,0.0,626,79857
1547,0.0,626,79857
1548,0.0,626,79857
1549,0.0,626,79857
1550,0.0,626,79857
1551,0.0,626,79857
1552,0.0,626,79857
1553,0.0,626,79857
1554,0.0,626,79857
1555,0.0,626,79857
1556,0.0,626,79857
1557,0.0,626,79857
1558,0.0,626,79857
1559,0.0,626,79857
1560,0.0,626,79857
1561,0.0,626,79857
1562,0.0,626,79857
1563,0.0,626,79857
1564,0.0,626,79857
1565,0.0,626,79857
1566,0.0,626,79857
1567,0.0,626,79857
1568,0.0,626,79857
1569,0.0,626,79857
1570,0.0,626,79857
1571,0.0,626,79857
1572,0.0,626,79857
1573,0.0,626,79857
1574,0.0,626,79857
1575,0.0,626,79857
1576,0.0,626,79857
1577,0.0,626,79857
1578,0.0,626,79857
1579,0.0,626,79857
1580,0.0,626,79857
1581,0.0,626,79857
1582,0.0,626,79857
1583,0.0,626,79857
1584,0.0,626,79857
1585,0.0,626,79857
1586,0.0,626,79857
1587,0.0,626,79857
1588,0.0,626,79857
1589,0.0,626,79857
1590,0.0,626,79857
1591,0.0,626,79857
1592,0.0,626,79857
1593,0.0,626,79857
1594,0.0,626,79857
1595,0.0,626,79857
1596,0.0,627,79853
1597,0.0,627,79853
1598,0.0,627,79853
1599,0.0,627,79853
1600,0.0,627,79853
1601,0.0,627,79853
1602,0.0,627,79853
1603,0.0,627,79853
1604,0.0,627,79853
1605,0.0,627,79853
1606,0.0,627,79853
1607,0.0,627,79853
1608,0.0,627,79853
1609,0.0,627,79853
1610,0.0,627,79853
1611,0.0,627,79853
1612,0.0,627,79853
1613,0.0,627,79853
1614,0.0,627,79853
1615,0.0,627,79853
1616,0.0,627,79853
1617,0.0,627,79853
1618,0.0,627,79853
1619,0.0,627,79853
1620,0.0,627,79853
1621,0.0,627,79853
1622,0.0,627,79853
1623,0.0,627,79853
1624,0.0,627,79853
1625,0.0,627,79853
1626,0.0,627,79853
1627,0.0,627,79853
1628,0.0,627,79853
1629,0.0,627,79853
1630,0.0,627,79853
1631,0.0,627,79853
1632,0.0,627,79853
1633,0.0,627,79853
1634,0.0,627,79853
1635,0.0,627,79853
1636,0.0,627,79853
1637,0.0,627,79853
1638,0.0,627,79853
1639,0.0,627,79853
1640,0.0,627,79853
1641,0.0,627,79853
1642,0.0,627,79853
1643,0.0,627,79853
1644,0.0,627,79853
1645,0.0,627,79853
1646,0.0,627,79853
1647,0.0,627,79853
1648,0.0,627,79853
1649,0.0,627,79853
1650,0.0,627,79853
1651,0.0,627,79853
1652,0.0,627,79853
1653,0.0,629,79842
1654,0.0,629,79842
1655,0.0,629,79842
1656,0.0,629,79842
1657,0.0,629,79842
1658,0.0,629,79842
1659,0.0,629,79842
1660,0.0,629,79842
1661,0.0,629,79842
1662,0.0,629,79842
1663,0.0,629,79842
1664,0.0,629,79842
1665,0.0,629,79842
1666,0.0,629,79842
1667,0.0,629,79842
1668,0.0,629,79842
1669,0.0,629,79842
1670,0.0,629,79842
1671,0.0,629,79842
1672,0.0,629,79842
1673,0.0,629,79842
1674,0.0,629,79842
1675,0.0,629,79842
1676,0.0,629,79842
1677,0.0,629,79842
1678,0.0,629,79842
1679,0.0,629,79842
1680,0.0,629,79842
1681,0.0,629,79842
1682,0.0,629,79842
1683,0.0,629,79842
1684,0.0,629,79842
1685,0.0,629,79842
1686,0.0,629,79842
1687,0.0,629,79842
1688,0.0,629,79842
1689,0.0,629,79842
1690,0.0,629,79842
1691,0.0,629,79842
1692,0.0,629,79842
1693,0.0,629,79842
1694,0.0,629,79842
1695,0.0,629,79842
1696,0.0,629,79842
1697,0.0,629,79842
1698,0.0,629,79842
1699,0.0,629,79842
1700,0.0,629,79842
1701,0.0,629,79842
1702,0.0,629,79842
1703,0.0,629,79842
1704,0.0,629,79842
1705,0.0,629,79842
1706,0.0,629,79842
1707,0.0,629,79842
1708,0.0,629,79842
1709,0.0,629,79842
1710,0.0,629,79842
1711,0.0,630,79844
1712,0.0,630,79844
1713,0.0,630,79844
1714,0.0,630,79844
1715,0.0,630,79844
1716,0.0,630,79844
1717,0.0,630,79844
1718,0.0,630,79844
1719,0.0,630,79844
1720,0.0,630,79844
1721,0.0,630,79844
1722,0.0,630,79844
1723,0.0,630,79844
1724,0.0,630,79844
1725,0.0,630,79844
1726,0.0,630,79844
1727,0.0,630,79844
1728,0.0,630,79844
1729,0.0,630,79844
1730,0.0,630,79844
1731,0.0,630,79844
1732,0.0,630,79844
1733,0.0,630,79844
1734,0.0,630,79844
1735,0.0,630,79844
1736,0.0,630,79844
1737,0.0,630,79844
1738,0.0,630,79844
1739,0.0,630,79844
1740,0.0,630,79844
1741,0.0,630,79844
1742,0.0,630,79844
1743,0.0,630,79844
1744,0.0,630,79844
1745,0.0,630,79844
1746,0.0,630,79844
1747,0.0,630,79844
1748,0.0,630,79844
1749,0.0,630,79844
1750,0.0,630,79844
1751,0.0,630,79844
1752,0.0,630,79844
1753,0.0,630,79844
1754,0.0,630,79844
1755,0.0,630,79844
1756,0.0,630,79844
1757,0.0,630,79844
1758,0.0,630,79844
1759,0.0,630,79844
1760,0.0,630,79844
1761,0.0,630,79844
1762,0.0,630,79844
1763,0.0,630,79844
1764,0.0,630,79844
1765,0.0,630,79844
1766,0.0,630,79844
1767,0.0,630,79844
1768,0.0,630,79844
1769,0.0,630,79844
1770,0.0,631,80179
1771,0.0,631,80179
1772,0.0,631,80179
1773,0.0,631,80179
1774,0.0,631,80179
1775,0.0,631,80179
1776,0.0,631,80179
1777,0.0,631,80179
1778,0.0,631,80179
1779,0.0,631,80179
1780,0.0,631,80179
1781,0.0,631,80179
1782,0.0,631,80179
1783,0.0,631,80179
1784,0.0,631,80179
1785,0.0,631,80179
1786,0.0,631,80179
1787,0.0,631,80179
1788,0.0,631,80179
1789,0.0,631,80179
1790,0.0,631,80179
1791,0.0,631,80179
1792,0.0,631,80179
1793,0.0,631,80179
1794,0.0,631,80179
1795,0.0,631,80179
1796,0.0,631,80179
1797,0.0,631,80179
1798,0.0,631,80179
1799,0.0,631,80179
1800,0.0,631,80179
1801,0.0,631,80179
1802,0.0,631,80179
1803,0.0,631,80179
1804,0.0,631,80179
1805,0.0,631,80179
1806,0.0,631,80179
1807,0.0,631,80179
1808,0.0,631,80179
1809,0.0,631,80179
1810,0.0,631,80179
1811,0.0,631,80179
1812,0.0,631,80179
1813,0.0,631,80179
1814,0.0,631,80179
1815,0.0,631,80179
1816,0.0,631,80179
1817,0.0,631,80179
1818,0.0,631,80179
1819,0.0,631,80179
1820,0.0,631,80179
1821,0.0,631,80179
1822,0.0,631,80179
1823,0.0,631,80179
1824,0.0,631,80179
1825,0.0,631,80179
1826,0.0,631,80179
1827,0.0,631,80179
1828,0.0,631,80179
1829,0.0,631,80179
1830,0.0,632,79841
1831,0.0,632,79841
1832,0.0,632,79841
1833,0.0,632,79841
1834,0.0,632,79841
1835,0.0,632,79841
1836,0.0,632,79841
1837,0.0,632,79841
1838,0.0,632,79841
1839,0.0,632,79841
1840,0.0,632,79841
1841,0.0,632,79841
1842,0.0,632,79841
1843,0.0,632,79841
1844,0.0,632,79841
1845,0.0,632,79841
1846,0.0,632,79841
1847,0.0,632,79841
1848,0.0,632,79841
1849,0.0,632,79841
1850,0.0,632,79841
1851,0.0,632,79841
1852,0.0,632,79841
1853,0.0,632,79841
1854,0.0,632,79841
1855,0.0,632,79841
1856,0.0,632,79841
1857,0.0,632,79841
1858,0.0,632,79841
1859,0.0,632,79841
1860,0.0,632,79841
1861,0.0,632,79841
1862,0.0,632,79841
1863,0.0,632,79841
1864,0.0,632,79841
1865,0.0,632,79841
1866,0.0,632,79841
1867,0.0,632,79841
1868,0.0,632,79841
1869,0.0,632,79841
1870,0.0,632,79841
1871,0.0,632,79841
1872,0.0,632,79841
1873,0.0,632,79841
1874,0.0,632,79841
1875,0.0,632,79841
1876,0.0,632,79841
1877,0.0,632,79841
1878,0.0,632,79841
1879,0.0,632,79841
1880,0.0,632,79841
1881,0.0,632,79841
1882,0.0,632,79841
1883,0.0,632,79841
1884,0.0,632,79841
1885,0.0,632,79841
1886,0.0,632,79841
1887,0.0,632,79841
1888,0.0,632,79841
1889,0.0,632,79841
1890,0.0,632,79841
1891,0.0,749,78971
1892,0.0,749,78971
1893,0.0,749,78971
1894,0.0,749,78971
1895,0.0,749,78971
1896,0.0,749,78971
1897,0.0,749,78971
1898,0.0,749,78971
1899,0.0,749,78971
1900,0.0,749,78971
1901,0.0,749,78971
1902,0.0,749,78971
1903,0.0,749,78971
1904,0.0,749,78971
1905,0.0,749,78971
1906,0.0,749,78971
1907,0.0,749,78971
1908,0.0,749,78971
1909,0.0,749,78971
1910,0.0,749,78971
1911,0.0,749,78971
1912,0.0,749,78971
1913,0.0,749,78971
1914,0.0,749,78971
1915,0.0,749,78971
1916,0.0,749,78971
1917,0.0,749,78971
1918,0.0,749,78971
1919,0.0,749,78971
1920,0.0,749,78971
1921,0.0,749,78971
1922,0.0,749,78971
1923,0.0,749,78971
1924,0.0,749,78971
1925,0.0,749,78971
1926,0.0,749,78971
1927,0.0,749,78971
1928,0.0,749,78971
1929,0.0,749,78971
1930,0.0,749,78971
1931,0.0,749,78971
1932,0.0,749,78971
1933,0.0,749,78971
1934,0.0,749,78971
1935,0.0,749,78971
1936,0.0,749,78971
1937,0.0,749,78971
1938,0.0,749,78971
1939,0.0,749,78971
1940,0.0,749,78971
1941,0.0,749,78971
1942,0.0,749,78971
1943,0.0,749,78971
1944,0.0,749,78971
1945,0.0,749,78971
1946,0.0,749,78971
1947,0.0,749,78971
1948,0.0,749,78971
1949,0.0,749,78971
1950,0.0,749,78971
1951,0.0,749,78971
1952,0.0,749,78971
1953,0.0,837,79258
1954,0.0,837,79258
1955,0.0,837,79258
1956,0.0,837,79258
1957,0.0,837,79258
1958,0.0,837,79258
1959,0.0,837,79258
1960,0.0,837,79258
1961,0.0,837,79258
1962,0.0,837,79258
1963,0.0,837,79258
1964,0.0,837,79258
1965,0.0,837,79258
1966,0.0,837,79258
1967,0.0,837,79258
1968,0.0,837,79258
1969,0.0,837,79258
1970,0.0,837,79258
1971,0.0,837,79258
1972,0.0,837,79258
1973,0.0,837,79258
1974,0.0,837,79258
1975,0.0,837,79258
1976,0.0,837,79258
1977,0.0,837,79258
1978,0.0,837,79258
1979,0.0,837,79258
1980,0.0,837,79258
1981,0.0,837,79258
1982,0.0,837,79258
1983,0.0,837,79258
1984,0.0,837,79258
1985,0.0,837,79258
1986,0.0,837,79258
1987,0.0,837,79258
1988,0.0,837,79258
1989,0.0,837,79258
1990,0.0,837,79258
1991,0.0,837,79258
1992,0.0,837,79258
1993,0.0,837,79258
1994,0.0,837,79258
1995,0.0,837,79258
1996,0.0,837,79258
1997,0.0,837,79258
1998,0.0,837,79258
1999,0.0,837,79258
2000,0.0,837,79258
2001,0.0,837,79258
2002,0.0,837,79258
2003,0.0,837,79258
2004,0.0,837,79258
2005,0.0,837,79258
2006,0.0,837,79258
2007,0.0,837,79258
2008,0.0,837,79258
2009,0.0,837,79258
2010,0.0,837,79258
2011,0.0,837,79258
2012,0.0,837,79258
2013,0.0,837,79258
2014,0.0,837,79258
2015,0.0,837,79258
