,avg train thickness,avg test thickness,model,test mae,train mae,architecture,validation split,dataset,dropout,learning rate,epochs
0,43.371235,44.1709,df3_1_dnn_MULTI_0.1_0.2_100_0,15.122910499572754,11.406251907348633,59-28,0.2,df3,1,0.1,100
1,44.08135,46.299313,df3_1_dnn_MULTI_0.01_0.2_100_0,12.803679466247559,11.360136985778809,59-28,0.2,df3,1,0.01,100
2,42.654137,44.3837,df3_1_dnn_MULTI_0.001_0.2_100_0,12.96647834777832,13.256245613098145,59-28,0.2,df3,1,0.001,100
3,43.832413,43.690353,df3_1_dnn_MULTI_0.1_0.2_100_1,11.028935432434082,9.777222633361816,59-28,0.2,df3,1,0.1,100
4,43.514652,45.95548,df3_1_dnn_MULTI_0.01_0.2_100_1,12.387687683105469,12.140270233154297,59-28,0.2,df3,1,0.01,100
5,42.851517,44.43408,df3_1_dnn_MULTI_0.001_0.2_100_1,13.368884086608887,13.075459480285645,59-28,0.2,df3,1,0.001,100
6,37.52203,36.836422,df3_1_dnn_MULTI_0.1_0.2_100_2,11.812339782714844,11.894416809082031,59-28,0.2,df3,1,0.1,100
7,45.786022,48.33635,df3_1_dnn_MULTI_0.01_0.2_100_2,13.992835998535156,11.520968437194824,59-28,0.2,df3,1,0.01,100
8,43.257946,44.45238,df3_1_dnn_MULTI_0.001_0.2_100_2,12.975703239440918,13.368450164794922,59-28,0.2,df3,1,0.001,100
9,51.138157,49.18772,df3_1_dnn_MULTI_0.1_0.2_100_3,14.110055923461914,12.22549819946289,59-28,0.2,df3,1,0.1,100
10,44.302757,46.413277,df3_1_dnn_MULTI_0.01_0.2_100_3,12.898553848266602,11.485536575317383,59-28,0.2,df3,1,0.01,100
11,42.51556,44.16369,df3_1_dnn_MULTI_0.001_0.2_100_3,13.717629432678223,13.095941543579102,59-28,0.2,df3,1,0.001,100
12,44.903088,43.285282,df3_1_dnn_MULTI_0.1_0.2_100_4,12.556750297546387,10.237869262695312,59-28,0.2,df3,1,0.1,100
13,45.171585,47.109013,df3_1_dnn_MULTI_0.01_0.2_100_4,12.611310958862305,11.556467056274414,59-28,0.2,df3,1,0.01,100
14,43.05481,44.21858,df3_1_dnn_MULTI_0.001_0.2_100_4,13.07588005065918,13.213943481445312,59-28,0.2,df3,1,0.001,100
15,46.45113,45.416386,df3_1_dnn_MULTI_0.1_0.2_100_5,13.164469718933105,10.074684143066406,59-28,0.2,df3,1,0.1,100
16,43.518753,46.055782,df3_1_dnn_MULTI_0.01_0.2_100_5,13.342180252075195,11.461167335510254,59-28,0.2,df3,1,0.01,100
17,43.47695,44.995148,df3_1_dnn_MULTI_0.001_0.2_100_5,12.841208457946777,12.915811538696289,59-28,0.2,df3,1,0.001,100
18,39.546783,39.16196,df3_1_dnn_MULTI_0.1_0.2_100_6,12.153480529785156,10.575648307800293,59-28,0.2,df3,1,0.1,100
19,46.16377,48.015713,df3_1_dnn_MULTI_0.01_0.2_100_6,12.848984718322754,12.357818603515625,59-28,0.2,df3,1,0.01,100
20,43.473,45.112812,df3_1_dnn_MULTI_0.001_0.2_100_6,13.48440170288086,12.977499008178711,59-28,0.2,df3,1,0.001,100
21,42.636692,40.58447,df3_1_dnn_MULTI_0.1_0.2_100_7,10.362704277038574,11.442891120910645,59-28,0.2,df3,1,0.1,100
22,46.546326,48.65878,df3_1_dnn_MULTI_0.01_0.2_100_7,12.732369422912598,11.821422576904297,59-28,0.2,df3,1,0.01,100
23,43.104897,43.906876,df3_1_dnn_MULTI_0.001_0.2_100_7,12.990225791931152,13.52975082397461,59-28,0.2,df3,1,0.001,100
24,49.560146,47.05179,df3_1_dnn_MULTI_0.1_0.2_100_8,13.343884468078613,11.391914367675781,59-28,0.2,df3,1,0.1,100
25,43.599525,45.884483,df3_1_dnn_MULTI_0.01_0.2_100_8,12.803556442260742,12.141913414001465,59-28,0.2,df3,1,0.01,100
26,43.371513,44.357594,df3_1_dnn_MULTI_0.001_0.2_100_8,12.665207862854004,13.191242218017578,59-28,0.2,df3,1,0.001,100
27,41.287354,39.19954,df3_1_dnn_MULTI_0.1_0.2_100_9,12.11080265045166,12.065244674682617,59-28,0.2,df3,1,0.1,100
28,44.262127,45.720135,df3_1_dnn_MULTI_0.01_0.2_100_9,12.225019454956055,11.624574661254883,59-28,0.2,df3,1,0.01,100
29,43.687553,45.003735,df3_1_dnn_MULTI_0.001_0.2_100_9,13.07121753692627,13.322824478149414,59-28,0.2,df3,1,0.001,100
30,48.79738,48.02744,df3_1_dnn_MULTI_0.1_0.2_100_10,14.460271835327148,10.03424072265625,59-28,0.2,df3,1,0.1,100
31,46.482845,47.028214,df3_1_dnn_MULTI_0.01_0.2_100_10,12.941149711608887,12.077498435974121,59-28,0.2,df3,1,0.01,100
32,43.0836,43.482105,df3_1_dnn_MULTI_0.001_0.2_100_10,12.309858322143555,13.560600280761719,59-28,0.2,df3,1,0.001,100
33,42.305435,41.773872,df3_1_dnn_MULTI_0.1_0.2_100_11,11.819663047790527,9.943300247192383,59-28,0.2,df3,1,0.1,100
34,43.071392,45.86676,df3_1_dnn_MULTI_0.01_0.2_100_11,12.475008964538574,11.6882905960083,59-28,0.2,df3,1,0.01,100
35,43.74115,45.532036,df3_1_dnn_MULTI_0.001_0.2_100_11,13.113251686096191,13.176397323608398,59-28,0.2,df3,1,0.001,100
36,43.453907,42.794758,df3_1_dnn_MULTI_0.1_0.2_100_12,11.376538276672363,9.321695327758789,59-28,0.2,df3,1,0.1,100
37,45.94147,48.99226,df3_1_dnn_MULTI_0.01_0.2_100_12,13.356179237365723,12.15401554107666,59-28,0.2,df3,1,0.01,100
38,42.445488,43.72882,df3_1_dnn_MULTI_0.001_0.2_100_12,12.615026473999023,13.219100952148438,59-28,0.2,df3,1,0.001,100
39,48.02437,46.778282,df3_1_dnn_MULTI_0.1_0.2_100_13,12.670856475830078,10.291120529174805,59-28,0.2,df3,1,0.1,100
40,44.886444,47.64016,df3_1_dnn_MULTI_0.01_0.2_100_13,12.242642402648926,11.129907608032227,59-28,0.2,df3,1,0.01,100
41,43.157707,43.991497,df3_1_dnn_MULTI_0.001_0.2_100_13,12.701828956604004,13.266462326049805,59-28,0.2,df3,1,0.001,100
42,37.983078,39.175983,df3_1_dnn_MULTI_0.1_0.2_100_14,15.180624961853027,12.979150772094727,59-28,0.2,df3,1,0.1,100
43,42.669743,44.686615,df3_1_dnn_MULTI_0.01_0.2_100_14,12.647586822509766,11.6034574508667,59-28,0.2,df3,1,0.01,100
44,43.085014,44.30801,df3_1_dnn_MULTI_0.001_0.2_100_14,12.855605125427246,13.045330047607422,59-28,0.2,df3,1,0.001,100
45,44.170128,43.77996,df3_1_dnn_MULTI_0.1_0.2_100_15,12.931533813476562,11.98268985748291,59-28,0.2,df3,1,0.1,100
46,44.81349,47.39036,df3_1_dnn_MULTI_0.01_0.2_100_15,12.306164741516113,11.423343658447266,59-28,0.2,df3,1,0.01,100
47,42.982033,44.50796,df3_1_dnn_MULTI_0.001_0.2_100_15,12.953109741210938,13.107763290405273,59-28,0.2,df3,1,0.001,100
48,43.538815,41.759563,df3_1_dnn_MULTI_0.1_0.2_100_16,9.958623886108398,10.53451156616211,59-28,0.2,df3,1,0.1,100
49,40.518578,42.9216,df3_1_dnn_MULTI_0.01_0.2_100_16,12.459908485412598,12.069526672363281,59-28,0.2,df3,1,0.01,100
50,43.87565,45.197636,df3_1_dnn_MULTI_0.001_0.2_100_16,13.166786193847656,13.316837310791016,59-28,0.2,df3,1,0.001,100
51,46.67561,47.660812,df3_1_dnn_MULTI_0.1_0.2_100_17,15.069971084594727,10.732817649841309,59-28,0.2,df3,1,0.1,100
52,44.439716,46.791332,df3_1_dnn_MULTI_0.01_0.2_100_17,12.632952690124512,11.82374382019043,59-28,0.2,df3,1,0.01,100
53,42.65922,43.82252,df3_1_dnn_MULTI_0.001_0.2_100_17,12.37336540222168,13.29106330871582,59-28,0.2,df3,1,0.001,100
54,38.37708,38.15293,df3_1_dnn_MULTI_0.1_0.2_100_18,12.713964462280273,12.303257942199707,59-28,0.2,df3,1,0.1,100
55,45.49834,47.607452,df3_1_dnn_MULTI_0.01_0.2_100_18,13.76723575592041,11.968764305114746,59-28,0.2,df3,1,0.01,100
56,43.813766,45.234585,df3_1_dnn_MULTI_0.001_0.2_100_18,13.405357360839844,13.2269868850708,59-28,0.2,df3,1,0.001,100
57,45.164352,45.029484,df3_1_dnn_MULTI_0.1_0.2_100_19,15.840645790100098,14.305960655212402,59-28,0.2,df3,1,0.1,100
58,44.313972,46.64095,df3_1_dnn_MULTI_0.01_0.2_100_19,11.880704879760742,11.810620307922363,59-28,0.2,df3,1,0.01,100
59,43.807755,45.388947,df3_1_dnn_MULTI_0.001_0.2_100_19,13.568313598632812,13.046870231628418,59-28,0.2,df3,1,0.001,100
60,38.424244,39.40152,df3_1_dnn_MULTI_0.1_0.2_100_20,13.028131484985352,12.312230110168457,59-28,0.2,df3,1,0.1,100
61,45.924503,48.662994,df3_1_dnn_MULTI_0.01_0.2_100_20,14.517305374145508,11.678960800170898,59-28,0.2,df3,1,0.01,100
62,42.615902,44.053726,df3_1_dnn_MULTI_0.001_0.2_100_20,12.58657169342041,12.970735549926758,59-28,0.2,df3,1,0.001,100
63,44.312706,42.2724,df3_1_dnn_MULTI_0.1_0.2_100_21,11.281330108642578,11.599431991577148,59-28,0.2,df3,1,0.1,100
64,46.94378,49.934574,df3_1_dnn_MULTI_0.01_0.2_100_21,14.374015808105469,12.108155250549316,59-28,0.2,df3,1,0.01,100
65,42.30277,43.33113,df3_1_dnn_MULTI_0.001_0.2_100_21,12.80217456817627,13.184700965881348,59-28,0.2,df3,1,0.001,100
66,44.541252,41.023262,df3_1_dnn_MULTI_0.1_0.2_100_22,12.446922302246094,10.21224594116211,59-28,0.2,df3,1,0.1,100
67,45.366608,47.43356,df3_1_dnn_MULTI_0.01_0.2_100_22,13.24445629119873,12.154603004455566,59-28,0.2,df3,1,0.01,100
68,43.315235,44.641994,df3_1_dnn_MULTI_0.001_0.2_100_22,13.113825798034668,13.129475593566895,59-28,0.2,df3,1,0.001,100
69,48.69673,47.291016,df3_1_dnn_MULTI_0.1_0.2_100_23,14.031192779541016,10.598636627197266,59-28,0.2,df3,1,0.1,100
70,39.829967,40.47207,df3_1_dnn_MULTI_0.01_0.2_100_23,11.87093734741211,11.943571090698242,59-28,0.2,df3,1,0.01,100
71,42.57118,43.84307,df3_1_dnn_MULTI_0.001_0.2_100_23,12.979606628417969,13.394307136535645,59-28,0.2,df3,1,0.001,100
72,37.919823,33.817196,df3_1_dnn_MULTI_0.1_0.2_100_24,12.310443878173828,12.349248886108398,59-28,0.2,df3,1,0.1,100
73,42.836784,44.233788,df3_1_dnn_MULTI_0.01_0.2_100_24,12.04160213470459,11.439615249633789,59-28,0.2,df3,1,0.01,100
74,43.67562,44.581493,df3_1_dnn_MULTI_0.001_0.2_100_24,13.01884651184082,13.266794204711914,59-28,0.2,df3,1,0.001,100
75,41.87826,42.21201,df3_1_dnn_MULTI_0.001_0.2_50_0,13.338491439819336,14.869125366210938,59-28,0.2,df3,1,0.001,50
76,41.02441,42.04566,df3_1_dnn_MULTI_0.001_0.2_50_1,14.214433670043945,15.159421920776367,59-28,0.2,df3,1,0.001,50
77,41.939034,41.73932,df3_1_dnn_MULTI_0.001_0.2_50_2,12.973549842834473,14.537409782409668,59-28,0.2,df3,1,0.001,50
78,42.754974,43.677734,df3_1_dnn_MULTI_0.001_0.2_50_3,13.762123107910156,14.582071304321289,59-28,0.2,df3,1,0.001,50
79,41.44165,42.771282,df3_1_dnn_MULTI_0.001_0.2_50_4,13.172700881958008,14.348662376403809,59-28,0.2,df3,1,0.001,50
80,41.574467,42.70727,df3_1_dnn_MULTI_0.001_0.2_50_5,14.334453582763672,14.965577125549316,59-28,0.2,df3,1,0.001,50
81,41.478012,41.62,df3_1_dnn_MULTI_0.001_0.2_50_6,13.247573852539062,14.586103439331055,59-28,0.2,df3,1,0.001,50
82,41.485172,41.45001,df3_1_dnn_MULTI_0.001_0.2_50_7,12.985427856445312,15.060538291931152,59-28,0.2,df3,1,0.001,50
83,43.135548,43.99717,df3_1_dnn_MULTI_0.001_0.2_50_8,13.948129653930664,14.978543281555176,59-28,0.2,df3,1,0.001,50
84,43.617805,44.566395,df3_1_dnn_MULTI_0.001_0.2_50_9,13.536127090454102,14.372749328613281,59-28,0.2,df3,1,0.001,50
85,41.51311,41.708897,df3_1_dnn_MULTI_0.001_0.2_50_10,13.578219413757324,14.875247955322266,59-28,0.2,df3,1,0.001,50
86,41.438957,42.3762,df3_1_dnn_MULTI_0.001_0.2_50_11,13.168133735656738,14.896947860717773,59-28,0.2,df3,1,0.001,50
87,42.217346,42.454575,df3_1_dnn_MULTI_0.001_0.2_50_12,13.240164756774902,14.916962623596191,59-28,0.2,df3,1,0.001,50
88,41.858208,42.065292,df3_1_dnn_MULTI_0.001_0.2_50_13,14.0638427734375,14.963181495666504,59-28,0.2,df3,1,0.001,50
89,42.622257,42.56113,df3_1_dnn_MULTI_0.001_0.2_50_14,13.651833534240723,14.931658744812012,59-28,0.2,df3,1,0.001,50
90,43.974266,44.374435,df3_1_dnn_MULTI_0.001_0.2_50_15,13.6923189163208,14.943906784057617,59-28,0.2,df3,1,0.001,50
91,41.424976,40.7733,df3_1_dnn_MULTI_0.001_0.2_50_16,13.291940689086914,14.516134262084961,59-28,0.2,df3,1,0.001,50
92,42.04424,41.58632,df3_1_dnn_MULTI_0.001_0.2_50_17,14.156281471252441,15.164934158325195,59-28,0.2,df3,1,0.001,50
93,40.71279,41.249462,df3_1_dnn_MULTI_0.001_0.2_50_18,14.04124927520752,15.168351173400879,59-28,0.2,df3,1,0.001,50
94,42.39194,43.511494,df3_1_dnn_MULTI_0.001_0.2_50_19,13.589811325073242,14.839675903320312,59-28,0.2,df3,1,0.001,50
95,41.82123,41.696518,df3_1_dnn_MULTI_0.001_0.2_50_20,13.17819881439209,14.648518562316895,59-28,0.2,df3,1,0.001,50
96,41.16734,40.987457,df3_1_dnn_MULTI_0.001_0.2_50_21,13.445944786071777,15.13055419921875,59-28,0.2,df3,1,0.001,50
97,42.06258,43.47951,df3_1_dnn_MULTI_0.001_0.2_50_22,14.43574333190918,15.134041786193848,59-28,0.2,df3,1,0.001,50
98,41.415226,41.574627,df3_1_dnn_MULTI_0.001_0.2_50_23,12.74914264678955,14.381546974182129,59-28,0.2,df3,1,0.001,50
99,41.84126,43.06941,df3_1_dnn_MULTI_0.001_0.2_50_24,13.5608549118042,14.60552978515625,59-28,0.2,df3,1,0.001,50
100,45.713825,45.437332,df3_1_dnn_MULTI_0.1_0.2_100_0,13.307500839233398,12.312870025634766,37-20,0.2,df3,1,0.1,100
101,44.512615,46.487583,df3_1_dnn_MULTI_0.01_0.2_100_0,12.87052059173584,11.863812446594238,37-20,0.2,df3,1,0.01,100
102,42.46529,42.68175,df3_1_dnn_MULTI_0.001_0.2_100_0,12.076959609985352,13.578227043151855,37-20,0.2,df3,1,0.001,100
103,45.64513,43.60776,df3_1_dnn_MULTI_0.1_0.2_100_1,10.774263381958008,10.646920204162598,37-20,0.2,df3,1,0.1,100
104,43.249016,44.834038,df3_1_dnn_MULTI_0.01_0.2_100_1,11.219037055969238,11.929160118103027,37-20,0.2,df3,1,0.01,100
105,43.333355,44.237675,df3_1_dnn_MULTI_0.001_0.2_100_1,12.860093116760254,13.779221534729004,37-20,0.2,df3,1,0.001,100
106,43.676357,45.786156,df3_1_dnn_MULTI_0.1_0.2_100_2,11.122414588928223,10.47730827331543,37-20,0.2,df3,1,0.1,100
107,41.64555,44.172886,df3_1_dnn_MULTI_0.01_0.2_100_2,12.442440032958984,12.519326210021973,37-20,0.2,df3,1,0.01,100
108,41.65163,42.319576,df3_1_dnn_MULTI_0.001_0.2_100_2,12.861763000488281,13.790643692016602,37-20,0.2,df3,1,0.001,100
109,38.382023,38.288177,df3_1_dnn_MULTI_0.1_0.2_100_3,11.609853744506836,10.842657089233398,37-20,0.2,df3,1,0.1,100
110,44.22767,46.402103,df3_1_dnn_MULTI_0.01_0.2_100_3,11.56669807434082,11.752001762390137,37-20,0.2,df3,1,0.01,100
111,41.950085,41.50546,df3_1_dnn_MULTI_0.001_0.2_100_3,12.173761367797852,13.437776565551758,37-20,0.2,df3,1,0.001,100
112,41.41425,42.148666,df3_1_dnn_MULTI_0.1_0.2_100_4,11.27393627166748,10.813643455505371,37-20,0.2,df3,1,0.1,100
113,44.950897,47.1389,df3_1_dnn_MULTI_0.01_0.2_100_4,13.220483779907227,11.656754493713379,37-20,0.2,df3,1,0.01,100
114,41.5192,41.84924,df3_1_dnn_MULTI_0.001_0.2_100_4,12.351293563842773,14.136645317077637,37-20,0.2,df3,1,0.001,100
115,45.99834,48.92326,df3_1_dnn_MULTI_0.1_0.2_100_5,14.284601211547852,11.245209693908691,37-20,0.2,df3,1,0.1,100
116,42.4518,44.07037,df3_1_dnn_MULTI_0.01_0.2_100_5,11.973734855651855,11.838765144348145,37-20,0.2,df3,1,0.01,100
117,42.419754,43.480175,df3_1_dnn_MULTI_0.001_0.2_100_5,13.11882209777832,13.731090545654297,37-20,0.2,df3,1,0.001,100
118,45.682285,44.418922,df3_1_dnn_MULTI_0.1_0.2_100_6,14.036164283752441,10.998932838439941,37-20,0.2,df3,1,0.1,100
119,46.784145,49.538074,df3_1_dnn_MULTI_0.01_0.2_100_6,14.655974388122559,11.858067512512207,37-20,0.2,df3,1,0.01,100
120,43.299828,44.507645,df3_1_dnn_MULTI_0.001_0.2_100_6,13.224759101867676,13.738688468933105,37-20,0.2,df3,1,0.001,100
121,36.96826,35.937206,df3_1_dnn_MULTI_0.1_0.2_100_7,12.988980293273926,13.452842712402344,37-20,0.2,df3,1,0.1,100
122,43.218082,45.536354,df3_1_dnn_MULTI_0.01_0.2_100_7,12.10617446899414,12.014338493347168,37-20,0.2,df3,1,0.01,100
123,42.41024,43.726925,df3_1_dnn_MULTI_0.001_0.2_100_7,12.880119323730469,13.468497276306152,37-20,0.2,df3,1,0.001,100
124,41.393574,41.009674,df3_1_dnn_MULTI_0.1_0.2_100_8,12.657798767089844,10.488964080810547,37-20,0.2,df3,1,0.1,100
125,42.746426,45.916122,df3_1_dnn_MULTI_0.01_0.2_100_8,13.6384859085083,11.953622817993164,37-20,0.2,df3,1,0.01,100
126,42.495056,43.355595,df3_1_dnn_MULTI_0.001_0.2_100_8,12.7393798828125,13.492143630981445,37-20,0.2,df3,1,0.001,100
127,31.032553,30.412823,df3_1_dnn_MULTI_0.1_0.2_100_9,14.5367431640625,16.59065055847168,37-20,0.2,df3,1,0.1,100
128,44.98731,48.298546,df3_1_dnn_MULTI_0.01_0.2_100_9,14.091072082519531,11.571833610534668,37-20,0.2,df3,1,0.01,100
129,42.024586,41.900646,df3_1_dnn_MULTI_0.001_0.2_100_9,12.35485553741455,13.684833526611328,37-20,0.2,df3,1,0.001,100
130,48.723274,51.348583,df3_1_dnn_MULTI_0.1_0.2_100_10,17.87795066833496,12.699440002441406,37-20,0.2,df3,1,0.1,100
131,43.844646,44.902924,df3_1_dnn_MULTI_0.01_0.2_100_10,11.373010635375977,11.687499046325684,37-20,0.2,df3,1,0.01,100
132,42.34008,42.938572,df3_1_dnn_MULTI_0.001_0.2_100_10,12.650423049926758,13.634247779846191,37-20,0.2,df3,1,0.001,100
133,42.013638,43.47762,df3_1_dnn_MULTI_0.1_0.2_100_11,11.74482250213623,10.364784240722656,37-20,0.2,df3,1,0.1,100
134,44.809383,47.564213,df3_1_dnn_MULTI_0.01_0.2_100_11,12.967997550964355,11.695557594299316,37-20,0.2,df3,1,0.01,100
135,42.32654,43.31544,df3_1_dnn_MULTI_0.001_0.2_100_11,13.633193016052246,13.770906448364258,37-20,0.2,df3,1,0.001,100
136,46.386936,46.239815,df3_1_dnn_MULTI_0.1_0.2_100_12,11.795685768127441,9.94314956665039,37-20,0.2,df3,1,0.1,100
137,44.31331,46.33623,df3_1_dnn_MULTI_0.01_0.2_100_12,13.46895980834961,11.41805648803711,37-20,0.2,df3,1,0.01,100
138,42.467083,43.41622,df3_1_dnn_MULTI_0.001_0.2_100_12,12.558175086975098,13.768091201782227,37-20,0.2,df3,1,0.001,100
139,45.199646,42.62448,df3_1_dnn_MULTI_0.1_0.2_100_13,12.466938018798828,10.330245971679688,37-20,0.2,df3,1,0.1,100
140,42.98209,45.061577,df3_1_dnn_MULTI_0.01_0.2_100_13,12.132329940795898,11.812795639038086,37-20,0.2,df3,1,0.01,100
141,41.64761,41.485596,df3_1_dnn_MULTI_0.001_0.2_100_13,12.555598258972168,13.97072696685791,37-20,0.2,df3,1,0.001,100
142,47.58405,47.362713,df3_1_dnn_MULTI_0.1_0.2_100_14,15.248498916625977,10.576326370239258,37-20,0.2,df3,1,0.1,100
143,45.09028,48.485596,df3_1_dnn_MULTI_0.01_0.2_100_14,13.41789436340332,12.119274139404297,37-20,0.2,df3,1,0.01,100
144,43.69758,43.946484,df3_1_dnn_MULTI_0.001_0.2_100_14,12.15812873840332,13.35275936126709,37-20,0.2,df3,1,0.001,100
145,44.923275,42.374454,df3_1_dnn_MULTI_0.1_0.2_100_15,11.469074249267578,11.128806114196777,37-20,0.2,df3,1,0.1,100
146,42.531075,44.717365,df3_1_dnn_MULTI_0.01_0.2_100_15,12.914029121398926,11.711580276489258,37-20,0.2,df3,1,0.01,100
147,42.131676,43.789867,df3_1_dnn_MULTI_0.001_0.2_100_15,13.28781795501709,13.929964065551758,37-20,0.2,df3,1,0.001,100
148,51.709938,49.06845,df3_1_dnn_MULTI_0.1_0.2_100_16,12.19338607788086,13.091819763183594,37-20,0.2,df3,1,0.1,100
149,42.981308,44.594074,df3_1_dnn_MULTI_0.01_0.2_100_16,11.73496150970459,11.889982223510742,37-20,0.2,df3,1,0.01,100
150,43.344845,44.645504,df3_1_dnn_MULTI_0.001_0.2_100_16,12.833868026733398,13.446266174316406,37-20,0.2,df3,1,0.001,100
151,40.886368,40.068436,df3_1_dnn_MULTI_0.1_0.2_100_17,10.708481788635254,11.112826347351074,37-20,0.2,df3,1,0.1,100
152,43.182575,46.136513,df3_1_dnn_MULTI_0.01_0.2_100_17,13.217543601989746,11.95486831665039,37-20,0.2,df3,1,0.01,100
153,41.9961,42.82,df3_1_dnn_MULTI_0.001_0.2_100_17,12.548739433288574,13.700557708740234,37-20,0.2,df3,1,0.001,100
154,39.617912,38.028374,df3_1_dnn_MULTI_0.1_0.2_100_18,12.273844718933105,11.254477500915527,37-20,0.2,df3,1,0.1,100
155,43.707657,44.92114,df3_1_dnn_MULTI_0.01_0.2_100_18,12.894399642944336,11.555392265319824,37-20,0.2,df3,1,0.01,100
156,42.64712,43.474777,df3_1_dnn_MULTI_0.001_0.2_100_18,12.99579906463623,13.65596866607666,37-20,0.2,df3,1,0.001,100
157,41.645073,41.540657,df3_1_dnn_MULTI_0.1_0.2_100_19,10.002202987670898,11.95096206665039,37-20,0.2,df3,1,0.1,100
158,43.92436,46.299656,df3_1_dnn_MULTI_0.01_0.2_100_19,12.81872272491455,12.192934036254883,37-20,0.2,df3,1,0.01,100
159,42.425392,42.455997,df3_1_dnn_MULTI_0.001_0.2_100_19,11.891295433044434,13.582135200500488,37-20,0.2,df3,1,0.001,100
160,43.884136,43.99669,df3_1_dnn_MULTI_0.1_0.2_100_20,11.15636157989502,11.75002384185791,37-20,0.2,df3,1,0.1,100
161,43.21283,45.087345,df3_1_dnn_MULTI_0.01_0.2_100_20,12.627656936645508,11.672215461730957,37-20,0.2,df3,1,0.01,100
162,42.505745,43.495422,df3_1_dnn_MULTI_0.001_0.2_100_20,12.846412658691406,13.61736011505127,37-20,0.2,df3,1,0.001,100
163,44.89041,44.485767,df3_1_dnn_MULTI_0.1_0.2_100_21,12.25915813446045,10.015351295471191,37-20,0.2,df3,1,0.1,100
164,42.718422,44.14121,df3_1_dnn_MULTI_0.01_0.2_100_21,11.437400817871094,11.424077987670898,37-20,0.2,df3,1,0.01,100
165,42.49607,43.47745,df3_1_dnn_MULTI_0.001_0.2_100_21,13.009440422058105,13.860593795776367,37-20,0.2,df3,1,0.001,100
166,34.493965,34.285954,df3_1_dnn_MULTI_0.1_0.2_100_22,12.813475608825684,13.940869331359863,37-20,0.2,df3,1,0.1,100
167,43.813667,45.455044,df3_1_dnn_MULTI_0.01_0.2_100_22,11.85217571258545,11.801948547363281,37-20,0.2,df3,1,0.01,100
168,42.82362,43.87739,df3_1_dnn_MULTI_0.001_0.2_100_22,12.849621772766113,13.587976455688477,37-20,0.2,df3,1,0.001,100
169,49.829327,48.802494,df3_1_dnn_MULTI_0.1_0.2_100_23,15.851645469665527,11.337446212768555,37-20,0.2,df3,1,0.1,100
170,45.26357,47.528564,df3_1_dnn_MULTI_0.01_0.2_100_23,12.689013481140137,11.849944114685059,37-20,0.2,df3,1,0.01,100
171,43.11558,43.570457,df3_1_dnn_MULTI_0.001_0.2_100_23,12.27294635772705,13.50892162322998,37-20,0.2,df3,1,0.001,100
172,48.409508,48.82189,df3_1_dnn_MULTI_0.1_0.2_100_24,13.446435928344727,10.698699951171875,37-20,0.2,df3,1,0.1,100
173,43.68767,45.92236,df3_1_dnn_MULTI_0.01_0.2_100_24,13.640281677246094,11.629955291748047,37-20,0.2,df3,1,0.01,100
174,43.896873,45.04635,df3_1_dnn_MULTI_0.001_0.2_100_24,13.09316635131836,13.441961288452148,37-20,0.2,df3,1,0.001,100
175,40.505745,40.98413,df3_1_dnn_MULTI_0.001_0.2_60_0,14.263635635375977,15.217385292053223,37-20,0.2,df3,1,0.001,60
176,42.296036,43.17053,df3_1_dnn_MULTI_0.001_0.2_60_1,13.424577713012695,14.419583320617676,37-20,0.2,df3,1,0.001,60
177,41.715622,41.35378,df3_1_dnn_MULTI_0.001_0.2_60_2,13.278664588928223,14.784125328063965,37-20,0.2,df3,1,0.001,60
178,42.494873,41.599915,df3_1_dnn_MULTI_0.001_0.2_60_3,12.791728973388672,14.820143699645996,37-20,0.2,df3,1,0.001,60
179,42.095684,44.45457,df3_1_dnn_MULTI_0.001_0.2_60_4,14.647446632385254,15.473608016967773,37-20,0.2,df3,1,0.001,60
180,42.372585,42.6966,df3_1_dnn_MULTI_0.001_0.2_60_5,12.846237182617188,14.646345138549805,37-20,0.2,df3,1,0.001,60
181,40.00316,41.4014,df3_1_dnn_MULTI_0.001_0.2_60_6,15.302796363830566,16.006784439086914,37-20,0.2,df3,1,0.001,60
182,42.839016,43.38009,df3_1_dnn_MULTI_0.001_0.2_60_7,13.709121704101562,15.005839347839355,37-20,0.2,df3,1,0.001,60
183,41.432278,41.600178,df3_1_dnn_MULTI_0.001_0.2_60_8,13.877686500549316,15.11854362487793,37-20,0.2,df3,1,0.001,60
184,42.83919,43.629772,df3_1_dnn_MULTI_0.001_0.2_60_9,14.343810081481934,15.253604888916016,37-20,0.2,df3,1,0.001,60
185,42.154003,42.56814,df3_1_dnn_MULTI_0.001_0.2_60_10,13.154352188110352,14.494690895080566,37-20,0.2,df3,1,0.001,60
186,40.9496,41.065052,df3_1_dnn_MULTI_0.001_0.2_60_11,13.331672668457031,15.379197120666504,37-20,0.2,df3,1,0.001,60
187,40.646008,41.53103,df3_1_dnn_MULTI_0.001_0.2_60_12,14.811827659606934,15.586551666259766,37-20,0.2,df3,1,0.001,60
188,42.666855,43.426044,df3_1_dnn_MULTI_0.001_0.2_60_13,13.24216365814209,14.659920692443848,37-20,0.2,df3,1,0.001,60
189,40.716835,43.186337,df3_1_dnn_MULTI_0.001_0.2_60_14,15.01240348815918,16.013019561767578,37-20,0.2,df3,1,0.001,60
190,42.015274,42.413895,df3_1_dnn_MULTI_0.001_0.2_60_15,13.432873725891113,15.16540813446045,37-20,0.2,df3,1,0.001,60
191,41.31303,40.909832,df3_1_dnn_MULTI_0.001_0.2_60_16,13.646326065063477,15.059928894042969,37-20,0.2,df3,1,0.001,60
192,40.44523,39.58992,df3_1_dnn_MULTI_0.001_0.2_60_17,14.836935997009277,15.241006851196289,37-20,0.2,df3,1,0.001,60
193,41.68565,42.689358,df3_1_dnn_MULTI_0.001_0.2_60_18,14.375903129577637,14.801709175109863,37-20,0.2,df3,1,0.001,60
194,41.430706,42.09942,df3_1_dnn_MULTI_0.001_0.2_60_19,13.314852714538574,15.067124366760254,37-20,0.2,df3,1,0.001,60
195,40.099804,41.82882,df3_1_dnn_MULTI_0.001_0.2_60_20,14.247973442077637,15.338181495666504,37-20,0.2,df3,1,0.001,60
196,42.12238,43.652252,df3_1_dnn_MULTI_0.001_0.2_60_21,14.921164512634277,15.214215278625488,37-20,0.2,df3,1,0.001,60
197,41.413002,41.13629,df3_1_dnn_MULTI_0.001_0.2_60_22,13.799288749694824,15.15616226196289,37-20,0.2,df3,1,0.001,60
198,42.045177,41.553837,df3_1_dnn_MULTI_0.001_0.2_60_23,13.569831848144531,14.881428718566895,37-20,0.2,df3,1,0.001,60
199,42.72863,43.347733,df3_1_dnn_MULTI_0.001_0.2_60_24,14.379571914672852,14.845252990722656,37-20,0.2,df3,1,0.001,60
200,42.596207,43.463394,df3_1_dnn_MULTI_0.1_0.2_100_0,12.411710739135742,11.417235374450684,10-5,0.2,df3,1,0.1,100
201,43.92643,45.63444,df3_1_dnn_MULTI_0.01_0.2_100_0,12.105149269104004,12.224924087524414,10-5,0.2,df3,1,0.01,100
202,34.7932,36.244347,df3_1_dnn_MULTI_0.001_0.2_100_0,18.324800491333008,19.856714248657227,10-5,0.2,df3,1,0.001,100
203,43.165283,44.20633,df3_1_dnn_MULTI_0.1_0.2_100_1,12.731234550476074,12.092535018920898,10-5,0.2,df3,1,0.1,100
204,44.704536,46.965088,df3_1_dnn_MULTI_0.01_0.2_100_1,12.750688552856445,12.067434310913086,10-5,0.2,df3,1,0.01,100
205,31.788887,32.068665,df3_1_dnn_MULTI_0.001_0.2_100_1,20.247655868530273,19.597896575927734,10-5,0.2,df3,1,0.001,100
206,45.535423,46.5597,df3_1_dnn_MULTI_0.1_0.2_100_2,13.738826751708984,11.701295852661133,10-5,0.2,df3,1,0.1,100
207,43.20507,44.784218,df3_1_dnn_MULTI_0.01_0.2_100_2,12.914827346801758,11.82761287689209,10-5,0.2,df3,1,0.01,100
208,31.956512,34.92815,df3_1_dnn_MULTI_0.001_0.2_100_2,20.67510414123535,19.91221046447754,10-5,0.2,df3,1,0.001,100
209,42.337177,44.331055,df3_1_dnn_MULTI_0.1_0.2_100_3,11.817574501037598,12.4302339553833,10-5,0.2,df3,1,0.1,100
210,43.034042,44.979282,df3_1_dnn_MULTI_0.01_0.2_100_3,14.233908653259277,12.051148414611816,10-5,0.2,df3,1,0.01,100
211,32.791695,38.285213,df3_1_dnn_MULTI_0.001_0.2_100_3,18.896100997924805,20.011308670043945,10-5,0.2,df3,1,0.001,100
212,46.216263,47.700886,df3_1_dnn_MULTI_0.1_0.2_100_4,12.80547046661377,11.878450393676758,10-5,0.2,df3,1,0.1,100
213,44.311462,45.60046,df3_1_dnn_MULTI_0.01_0.2_100_4,12.628780364990234,11.930035591125488,10-5,0.2,df3,1,0.01,100
214,0.5979995,0.59529924,df3_1_dnn_MULTI_0.001_0.2_100_4,42.090972900390625,44.138587951660156,10-5,0.2,df3,1,0.001,100
215,36.12159,38.296898,df3_1_dnn_MULTI_0.1_0.2_100_5,12.635536193847656,14.954852104187012,10-5,0.2,df3,1,0.1,100
216,44.406277,46.4092,df3_1_dnn_MULTI_0.01_0.2_100_5,12.449814796447754,12.093117713928223,10-5,0.2,df3,1,0.01,100
217,37.52953,39.910645,df3_1_dnn_MULTI_0.001_0.2_100_5,16.682809829711914,17.417177200317383,10-5,0.2,df3,1,0.001,100
218,41.098167,41.97023,df3_1_dnn_MULTI_0.1_0.2_100_6,10.755602836608887,12.741257667541504,10-5,0.2,df3,1,0.1,100
219,44.8683,46.94326,df3_1_dnn_MULTI_0.01_0.2_100_6,12.686105728149414,12.434617042541504,10-5,0.2,df3,1,0.01,100
220,35.561653,37.839344,df3_1_dnn_MULTI_0.001_0.2_100_6,18.59595489501953,18.853862762451172,10-5,0.2,df3,1,0.001,100
221,42.274765,44.65384,df3_1_dnn_MULTI_0.1_0.2_100_7,11.583316802978516,11.912471771240234,10-5,0.2,df3,1,0.1,100
222,42.50353,44.77862,df3_1_dnn_MULTI_0.01_0.2_100_7,12.495224952697754,12.348341941833496,10-5,0.2,df3,1,0.01,100
223,35.273907,37.4958,df3_1_dnn_MULTI_0.001_0.2_100_7,16.670568466186523,17.874441146850586,10-5,0.2,df3,1,0.001,100
224,42.704823,46.319397,df3_1_dnn_MULTI_0.1_0.2_100_8,14.2171049118042,12.116506576538086,10-5,0.2,df3,1,0.1,100
225,43.06733,45.191917,df3_1_dnn_MULTI_0.01_0.2_100_8,12.170500755310059,11.600295066833496,10-5,0.2,df3,1,0.01,100
226,32.67701,35.893448,df3_1_dnn_MULTI_0.001_0.2_100_8,20.4975643157959,20.50362205505371,10-5,0.2,df3,1,0.001,100
227,41.25038,43.543625,df3_1_dnn_MULTI_0.1_0.2_100_9,12.06783390045166,12.515848159790039,10-5,0.2,df3,1,0.1,100
228,42.677467,44.64301,df3_1_dnn_MULTI_0.01_0.2_100_9,12.765275955200195,11.840780258178711,10-5,0.2,df3,1,0.01,100
229,37.38612,37.527477,df3_1_dnn_MULTI_0.001_0.2_100_9,17.029804229736328,17.200111389160156,10-5,0.2,df3,1,0.001,100
230,47.148895,48.719795,df3_1_dnn_MULTI_0.1_0.2_100_10,13.012822151184082,12.67115306854248,10-5,0.2,df3,1,0.1,100
231,42.738422,44.96509,df3_1_dnn_MULTI_0.01_0.2_100_10,13.601995468139648,12.177992820739746,10-5,0.2,df3,1,0.01,100
232,35.532417,38.838326,df3_1_dnn_MULTI_0.001_0.2_100_10,18.306163787841797,19.285661697387695,10-5,0.2,df3,1,0.001,100
233,38.342747,39.51304,df3_1_dnn_MULTI_0.1_0.2_100_11,11.069551467895508,13.110965728759766,10-5,0.2,df3,1,0.1,100
234,42.90943,45.356728,df3_1_dnn_MULTI_0.01_0.2_100_11,12.133249282836914,11.681268692016602,10-5,0.2,df3,1,0.01,100
235,35.44482,38.89515,df3_1_dnn_MULTI_0.001_0.2_100_11,18.039026260375977,18.768596649169922,10-5,0.2,df3,1,0.001,100
236,42.647514,43.949825,df3_1_dnn_MULTI_0.1_0.2_100_12,13.647597312927246,12.10059642791748,10-5,0.2,df3,1,0.1,100
237,45.39708,48.04301,df3_1_dnn_MULTI_0.01_0.2_100_12,13.491249084472656,12.248364448547363,10-5,0.2,df3,1,0.01,100
238,39.70752,38.319614,df3_1_dnn_MULTI_0.001_0.2_100_12,15.786725044250488,17.16478157043457,10-5,0.2,df3,1,0.001,100
239,40.315197,39.7894,df3_1_dnn_MULTI_0.1_0.2_100_13,11.346972465515137,11.869290351867676,10-5,0.2,df3,1,0.1,100
240,42.054184,44.390686,df3_1_dnn_MULTI_0.01_0.2_100_13,12.23774242401123,12.74621868133545,10-5,0.2,df3,1,0.01,100
241,39.719982,40.638706,df3_1_dnn_MULTI_0.001_0.2_100_13,15.687883377075195,16.11789894104004,10-5,0.2,df3,1,0.001,100
242,42.90724,45.019833,df3_1_dnn_MULTI_0.1_0.2_100_14,13.104491233825684,11.527180671691895,10-5,0.2,df3,1,0.1,100
243,44.155594,46.196293,df3_1_dnn_MULTI_0.01_0.2_100_14,11.916678428649902,12.254889488220215,10-5,0.2,df3,1,0.01,100
244,29.83471,29.067394,df3_1_dnn_MULTI_0.001_0.2_100_14,21.848255157470703,21.03833770751953,10-5,0.2,df3,1,0.001,100
245,39.516796,42.177673,df3_1_dnn_MULTI_0.1_0.2_100_15,12.566861152648926,12.152512550354004,10-5,0.2,df3,1,0.1,100
246,44.391586,45.2954,df3_1_dnn_MULTI_0.01_0.2_100_15,12.10334300994873,12.175559997558594,10-5,0.2,df3,1,0.01,100
247,29.45638,31.205652,df3_1_dnn_MULTI_0.001_0.2_100_15,20.99379539489746,21.650171279907227,10-5,0.2,df3,1,0.001,100
248,46.53439,47.010914,df3_1_dnn_MULTI_0.1_0.2_100_16,13.132680892944336,11.740957260131836,10-5,0.2,df3,1,0.1,100
249,43.928513,46.519238,df3_1_dnn_MULTI_0.01_0.2_100_16,12.43736743927002,12.09069538116455,10-5,0.2,df3,1,0.01,100
250,40.412594,42.24042,df3_1_dnn_MULTI_0.001_0.2_100_16,14.910828590393066,16.311058044433594,10-5,0.2,df3,1,0.001,100
251,42.75582,43.249138,df3_1_dnn_MULTI_0.1_0.2_100_17,11.8875732421875,12.132247924804688,10-5,0.2,df3,1,0.1,100
252,41.841953,44.23885,df3_1_dnn_MULTI_0.01_0.2_100_17,12.12734317779541,11.7892484664917,10-5,0.2,df3,1,0.01,100
253,34.920914,38.754993,df3_1_dnn_MULTI_0.001_0.2_100_17,18.379087448120117,18.619789123535156,10-5,0.2,df3,1,0.001,100
254,45.19918,46.73268,df3_1_dnn_MULTI_0.1_0.2_100_18,14.546762466430664,10.826096534729004,10-5,0.2,df3,1,0.1,100
255,44.056717,47.05671,df3_1_dnn_MULTI_0.01_0.2_100_18,13.36281967163086,12.129335403442383,10-5,0.2,df3,1,0.01,100
256,33.549004,36.640587,df3_1_dnn_MULTI_0.001_0.2_100_18,19.6405086517334,19.431640625,10-5,0.2,df3,1,0.001,100
257,42.0972,45.13929,df3_1_dnn_MULTI_0.1_0.2_100_19,12.610357284545898,11.732916831970215,10-5,0.2,df3,1,0.1,100
258,41.780056,42.501556,df3_1_dnn_MULTI_0.01_0.2_100_19,11.493413925170898,12.797872543334961,10-5,0.2,df3,1,0.01,100
259,38.582306,38.470306,df3_1_dnn_MULTI_0.001_0.2_100_19,17.90460968017578,16.984407424926758,10-5,0.2,df3,1,0.001,100
260,43.126858,44.553097,df3_1_dnn_MULTI_0.1_0.2_100_20,11.57926082611084,12.30626106262207,10-5,0.2,df3,1,0.1,100
261,44.02178,45.64164,df3_1_dnn_MULTI_0.01_0.2_100_20,13.529929161071777,11.523119926452637,10-5,0.2,df3,1,0.01,100
262,33.841724,35.691574,df3_1_dnn_MULTI_0.001_0.2_100_20,17.442426681518555,18.6922550201416,10-5,0.2,df3,1,0.001,100
263,41.97782,42.310307,df3_1_dnn_MULTI_0.1_0.2_100_21,8.779766082763672,11.82375431060791,10-5,0.2,df3,1,0.1,100
264,43.515305,45.456764,df3_1_dnn_MULTI_0.01_0.2_100_21,12.179452896118164,12.327070236206055,10-5,0.2,df3,1,0.01,100
265,36.168766,35.480583,df3_1_dnn_MULTI_0.001_0.2_100_21,18.30447769165039,18.26624870300293,10-5,0.2,df3,1,0.001,100
266,43.976444,44.87806,df3_1_dnn_MULTI_0.1_0.2_100_22,11.683547019958496,12.343016624450684,10-5,0.2,df3,1,0.1,100
267,43.790333,45.695244,df3_1_dnn_MULTI_0.01_0.2_100_22,13.267999649047852,11.599811553955078,10-5,0.2,df3,1,0.01,100
268,25.923233,26.79587,df3_1_dnn_MULTI_0.001_0.2_100_22,23.66294288635254,23.574554443359375,10-5,0.2,df3,1,0.001,100
269,42.714233,44.17762,df3_1_dnn_MULTI_0.1_0.2_100_23,12.333938598632812,12.468987464904785,10-5,0.2,df3,1,0.1,100
270,44.428143,46.030167,df3_1_dnn_MULTI_0.01_0.2_100_23,12.731894493103027,11.708858489990234,10-5,0.2,df3,1,0.01,100
271,35.836823,38.946693,df3_1_dnn_MULTI_0.001_0.2_100_23,19.0733642578125,18.902620315551758,10-5,0.2,df3,1,0.001,100
272,41.955593,43.97619,df3_1_dnn_MULTI_0.1_0.2_100_24,12.655774116516113,12.6804780960083,10-5,0.2,df3,1,0.1,100
273,42.419064,42.65737,df3_1_dnn_MULTI_0.01_0.2_100_24,11.101895332336426,12.160138130187988,10-5,0.2,df3,1,0.01,100
274,36.96508,39.792492,df3_1_dnn_MULTI_0.001_0.2_100_24,16.90188980102539,17.236299514770508,10-5,0.2,df3,1,0.001,100
