,avg train thickness,avg test thickness,model,test mae,train mae,architecture,validation split,learning rate,epochs
0,43.437372448979595,44.152543865266395,Glam_dnn_MULTI_0.001_0.2_300_0,15.113121032714844,14.676870346069336,10-5,0.2,0.001,300
1,43.97404735331633,44.513755923411885,Glam_dnn_MULTI_0.001_0.2_300_1,13.810593605041504,14.552618026733398,10-5,0.2,0.001,300
2,44.56106505102041,44.73712058145492,Glam_dnn_MULTI_0.001_0.2_300_10,14.165979385375977,15.104190826416016,10-5,0.2,0.001,300
3,44.77471301020408,45.41639984631148,Glam_dnn_MULTI_0.001_0.2_300_11,14.078907012939453,14.581888198852539,10-5,0.2,0.001,300
4,44.19982063137755,44.43810034579918,Glam_dnn_MULTI_0.001_0.2_300_12,14.29530143737793,15.182826042175293,10-5,0.2,0.001,300
5,44.24128667091837,44.820588659067624,Glam_dnn_MULTI_0.001_0.2_300_13,14.270224571228027,15.080340385437012,10-5,0.2,0.001,300
6,44.753515625,45.73726866675205,Glam_dnn_MULTI_0.001_0.2_300_14,14.47525691986084,14.98219108581543,10-5,0.2,0.001,300
7,45.35353954081633,46.04837586449795,Glam_dnn_MULTI_0.001_0.2_300_15,13.165929794311523,14.868753433227539,10-5,0.2,0.001,300
8,44.044132653061226,45.01053806992828,Glam_dnn_MULTI_0.001_0.2_300_16,14.231554985046387,14.870368003845215,10-5,0.2,0.001,300
9,45.15545280612245,45.631239594006146,Glam_dnn_MULTI_0.001_0.2_300_17,13.680606842041016,15.128959655761719,10-5,0.2,0.001,300
10,44.71369180484694,44.18000768442623,Glam_dnn_MULTI_0.001_0.2_300_18,15.54833984375,15.738103866577148,10-5,0.2,0.001,300
11,44.82912547831633,45.43580702484631,Glam_dnn_MULTI_0.001_0.2_300_19,13.95166015625,14.656068801879883,10-5,0.2,0.001,300
12,44.969084821428574,46.25493084016394,Glam_dnn_MULTI_0.001_0.2_300_2,14.018383026123047,14.463845252990723,10-5,0.2,0.001,300
13,44.12411511479592,43.78835409195697,Glam_dnn_MULTI_0.001_0.2_300_20,15.126995086669922,15.198062896728516,10-5,0.2,0.001,300
14,44.674800701530614,44.99713034707992,Glam_dnn_MULTI_0.001_0.2_300_21,14.934752464294434,15.262321472167969,10-5,0.2,0.001,300
15,44.531668526785715,44.14482742059426,Glam_dnn_MULTI_0.001_0.2_300_22,14.924208641052246,15.197637557983398,10-5,0.2,0.001,300
16,44.514461096938774,45.33078253073771,Glam_dnn_MULTI_0.001_0.2_300_23,14.263784408569336,14.777015686035156,10-5,0.2,0.001,300
17,44.89538424744898,45.14678054559426,Glam_dnn_MULTI_0.001_0.2_300_24,14.154037475585938,15.139655113220215,10-5,0.2,0.001,300
18,43.52925701530612,44.39960617315574,Glam_dnn_MULTI_0.001_0.2_300_3,13.890921592712402,15.058175086975098,10-5,0.2,0.001,300
19,44.762723214285714,45.22667456454918,Glam_dnn_MULTI_0.001_0.2_300_4,14.199254035949707,14.611947059631348,10-5,0.2,0.001,300
20,44.94399713010204,44.57924164318648,Glam_dnn_MULTI_0.001_0.2_300_5,14.537169456481934,15.277483940124512,10-5,0.2,0.001,300
21,44.636838329081634,45.37557633196721,Glam_dnn_MULTI_0.001_0.2_300_6,14.293477058410645,14.833245277404785,10-5,0.2,0.001,300
22,44.255963010204084,45.33783459272541,Glam_dnn_MULTI_0.001_0.2_300_7,14.08613395690918,15.55457878112793,10-5,0.2,0.001,300
23,45.690441645408164,46.33503698130123,Glam_dnn_MULTI_0.001_0.2_300_8,13.651955604553223,14.826577186584473,10-5,0.2,0.001,300
24,44.46590401785714,45.09974945568648,Glam_dnn_MULTI_0.001_0.2_300_9,13.843684196472168,15.228124618530273,10-5,0.2,0.001,300
25,44.56789700255102,48.6180199795082,Glam_dnn_MULTI_0.01_0.2_300_0,11.32591438293457,12.98231029510498,10-5,0.2,0.01,300
26,44.054890784438776,45.650986968493854,Glam_dnn_MULTI_0.01_0.2_300_1,11.790881156921387,13.653651237487793,10-5,0.2,0.01,300
27,46.02770647321429,46.47317254738729,Glam_dnn_MULTI_0.01_0.2_300_10,12.492444038391113,12.525296211242676,10-5,0.2,0.01,300
28,45.91651785714286,45.90841924948771,Glam_dnn_MULTI_0.01_0.2_300_11,12.320356369018555,13.605137825012207,10-5,0.2,0.01,300
29,45.52315051020408,46.65602186859631,Glam_dnn_MULTI_0.01_0.2_300_12,12.188602447509766,13.637142181396484,10-5,0.2,0.01,300
30,45.10947464923469,46.841796875,Glam_dnn_MULTI_0.01_0.2_300_13,12.205254554748535,13.42333984375,10-5,0.2,0.01,300
31,45.06127232142857,46.02289318647541,Glam_dnn_MULTI_0.01_0.2_300_14,12.610690116882324,13.308792114257812,10-5,0.2,0.01,300
32,46.34605389030612,47.592945536629095,Glam_dnn_MULTI_0.01_0.2_300_15,11.9162015914917,13.032211303710938,10-5,0.2,0.01,300
33,45.43955277423469,46.055463947233605,Glam_dnn_MULTI_0.01_0.2_300_16,11.537297248840332,12.588526725769043,10-5,0.2,0.01,300
34,44.78965640943878,46.18100025614754,Glam_dnn_MULTI_0.01_0.2_300_17,13.175376892089844,13.927776336669922,10-5,0.2,0.01,300
35,42.83923389668367,44.37610863857582,Glam_dnn_MULTI_0.01_0.2_300_18,13.494784355163574,13.426230430603027,10-5,0.2,0.01,300
36,44.65032286352041,46.42550909323771,Glam_dnn_MULTI_0.01_0.2_300_19,12.321856498718262,13.015438079833984,10-5,0.2,0.01,300
37,44.618781887755105,45.97831150742828,Glam_dnn_MULTI_0.01_0.2_300_2,12.735461235046387,13.770761489868164,10-5,0.2,0.01,300
38,43.93588568239796,46.54364113729508,Glam_dnn_MULTI_0.01_0.2_300_20,12.390790939331055,12.904284477233887,10-5,0.2,0.01,300
39,45.210064572704084,47.06405689677254,Glam_dnn_MULTI_0.01_0.2_300_21,13.730314254760742,13.118301391601562,10-5,0.2,0.01,300
40,45.586324139030616,46.14874167520492,Glam_dnn_MULTI_0.01_0.2_300_22,12.710135459899902,13.390373229980469,10-5,0.2,0.01,300
41,45.96892936862245,47.53398357453894,Glam_dnn_MULTI_0.01_0.2_300_23,13.228361129760742,12.900116920471191,10-5,0.2,0.01,300
42,45.550685586734694,45.993580302254095,Glam_dnn_MULTI_0.01_0.2_300_24,11.785199165344238,11.346728324890137,10-5,0.2,0.01,300
43,44.61358019770408,46.53630090932377,Glam_dnn_MULTI_0.01_0.2_300_3,11.626978874206543,13.311257362365723,10-5,0.2,0.01,300
44,45.51141980229592,46.14840147925205,Glam_dnn_MULTI_0.01_0.2_300_4,12.538066864013672,12.613809585571289,10-5,0.2,0.01,300
45,44.43022560586735,45.72964427510246,Glam_dnn_MULTI_0.01_0.2_300_5,13.397516250610352,12.712181091308594,10-5,0.2,0.01,300
46,45.82957589285714,47.034595927254095,Glam_dnn_MULTI_0.01_0.2_300_6,12.450235366821289,12.47085189819336,10-5,0.2,0.01,300
47,45.95958227040816,46.948274205942624,Glam_dnn_MULTI_0.01_0.2_300_7,11.45028305053711,12.890897750854492,10-5,0.2,0.01,300
48,44.38531568877551,45.99456086705943,Glam_dnn_MULTI_0.01_0.2_300_8,11.715173721313477,13.623054504394531,10-5,0.2,0.01,300
49,47.14099569515306,47.27692350794057,Glam_dnn_MULTI_0.01_0.2_300_9,12.598176002502441,12.336684226989746,10-5,0.2,0.01,300
50,46.77198262117347,47.642814261014344,Glam_dnn_MULTI_0.1_0.2_300_0,13.1141996383667,14.10812759399414,10-5,0.2,0.1,300
51,42.637037627551024,40.95701123847336,Glam_dnn_MULTI_0.1_0.2_300_1,13.111413955688477,11.642597198486328,10-5,0.2,0.1,300
52,44.11389110331633,43.95672307248975,Glam_dnn_MULTI_0.1_0.2_300_10,13.73776912689209,13.27370834350586,10-5,0.2,0.1,300
53,45.86138392857143,43.683497694672134,Glam_dnn_MULTI_0.1_0.2_300_11,13.35316276550293,9.572590827941895,10-5,0.2,0.1,300
54,44.54451132015306,44.52292520491803,Glam_dnn_MULTI_0.1_0.2_300_12,15.507597923278809,11.682441711425781,10-5,0.2,0.1,300
55,47.21274314413265,46.43047195184426,Glam_dnn_MULTI_0.1_0.2_300_13,11.784648895263672,11.223187446594238,10-5,0.2,0.1,300
56,46.448194355867344,44.48566374231557,Glam_dnn_MULTI_0.1_0.2_300_14,13.884761810302734,11.2832612991333,10-5,0.2,0.1,300
57,50.0929368622449,48.9986792392418,Glam_dnn_MULTI_0.1_0.2_300_15,13.117450714111328,11.049959182739258,10-5,0.2,0.1,300
58,48.433888711734696,47.10744188652664,Glam_dnn_MULTI_0.1_0.2_300_16,11.581019401550293,11.377388954162598,10-5,0.2,0.1,300
59,48.47540258290816,47.82266185322746,Glam_dnn_MULTI_0.1_0.2_300_17,13.630779266357422,11.34205436706543,10-5,0.2,0.1,300
60,46.02057557397959,47.61287301485656,Glam_dnn_MULTI_0.1_0.2_300_18,11.839885711669922,13.629559516906738,10-5,0.2,0.1,300
61,45.3734375,44.23996622054303,Glam_dnn_MULTI_0.1_0.2_300_19,13.2837495803833,10.524397850036621,10-5,0.2,0.1,300
62,44.401586415816325,44.40159131659836,Glam_dnn_MULTI_0.1_0.2_300_2,17.16057586669922,20.61388397216797,10-5,0.2,0.1,300
63,46.177455357142854,44.97651447233606,Glam_dnn_MULTI_0.1_0.2_300_20,13.095344543457031,11.01022720336914,10-5,0.2,0.1,300
64,43.49658402423469,42.240958792264344,Glam_dnn_MULTI_0.1_0.2_300_21,11.65698528289795,11.3195161819458,10-5,0.2,0.1,300
65,45.345459980867346,42.72308049436475,Glam_dnn_MULTI_0.1_0.2_300_22,16.70681381225586,11.41592788696289,10-5,0.2,0.1,300
66,45.0347337372449,43.85210681352459,Glam_dnn_MULTI_0.1_0.2_300_23,12.311223030090332,12.61383056640625,10-5,0.2,0.1,300
67,45.398828125,46.12451171875,Glam_dnn_MULTI_0.1_0.2_300_24,13.687030792236328,11.545938491821289,10-5,0.2,0.1,300
68,45.41494738520408,45.22643442622951,Glam_dnn_MULTI_0.1_0.2_300_3,11.955370903015137,10.866764068603516,10-5,0.2,0.1,300
69,49.99073660714286,47.64887775358606,Glam_dnn_MULTI_0.1_0.2_300_4,12.294973373413086,10.275429725646973,10-5,0.2,0.1,300
70,43.931022799744895,44.744993116034834,Glam_dnn_MULTI_0.1_0.2_300_5,12.188088417053223,12.533243179321289,10-5,0.2,0.1,300
71,48.42997448979592,46.26958728227459,Glam_dnn_MULTI_0.1_0.2_300_6,12.348118782043457,11.363188743591309,10-5,0.2,0.1,300
72,44.5715481505102,43.76622934810451,Glam_dnn_MULTI_0.1_0.2_300_7,15.134450912475586,11.40661334991455,10-5,0.2,0.1,300
73,44.9891262755102,42.431272412909834,Glam_dnn_MULTI_0.1_0.2_300_8,14.123052597045898,10.865459442138672,10-5,0.2,0.1,300
74,47.091477997448976,46.16732437884221,Glam_dnn_MULTI_0.1_0.2_300_9,11.758932113647461,11.384267807006836,10-5,0.2,0.1,300
75,45.332134885204084,45.506803919057376,Glam_dnn_MULTI_0.001_0.2_300_0,13.909960746765137,14.785696029663086,12-6,0.2,0.001,300
76,44.696484375,44.95361328125,Glam_dnn_MULTI_0.001_0.2_300_1,15.570968627929688,14.798110961914062,12-6,0.2,0.001,300
77,44.46229671556122,44.566298187756146,Glam_dnn_MULTI_0.001_0.2_300_10,14.196270942687988,15.017155647277832,12-6,0.2,0.001,300
78,44.41745057397959,45.141197329661885,Glam_dnn_MULTI_0.001_0.2_300_11,13.913402557373047,14.848065376281738,12-6,0.2,0.001,300
79,44.32177535076531,44.796534804047134,Glam_dnn_MULTI_0.001_0.2_300_12,14.019139289855957,14.956513404846191,12-6,0.2,0.001,300
80,44.56309789540816,44.95643890881148,Glam_dnn_MULTI_0.001_0.2_300_13,14.067206382751465,14.992368698120117,12-6,0.2,0.001,300
81,44.07116549744898,44.3551245517418,Glam_dnn_MULTI_0.001_0.2_300_14,13.798181533813477,14.524150848388672,12-6,0.2,0.001,300
82,45.04326769770408,45.5654296875,Glam_dnn_MULTI_0.001_0.2_300_15,13.221475601196289,14.617730140686035,12-6,0.2,0.001,300
83,43.408246970663264,44.13538598232582,Glam_dnn_MULTI_0.001_0.2_300_16,14.339116096496582,14.615829467773438,12-6,0.2,0.001,300
84,44.847345344387755,45.58389232197746,Glam_dnn_MULTI_0.001_0.2_300_17,14.280908584594727,15.067536354064941,12-6,0.2,0.001,300
85,44.65534518494898,45.435102619108605,Glam_dnn_MULTI_0.001_0.2_300_18,13.3734769821167,14.629573822021484,12-6,0.2,0.001,300
86,42.84774394132653,43.73756083504098,Glam_dnn_MULTI_0.001_0.2_300_19,13.929084777832031,14.48452377319336,12-6,0.2,0.001,300
87,43.971898915816325,44.3628930263832,Glam_dnn_MULTI_0.001_0.2_300_2,14.802472114562988,15.062891006469727,12-6,0.2,0.001,300
88,43.35959821428571,43.955562403944676,Glam_dnn_MULTI_0.001_0.2_300_20,14.098971366882324,14.644371032714844,12-6,0.2,0.001,300
89,44.592984693877554,44.208864305840166,Glam_dnn_MULTI_0.001_0.2_300_21,14.599357604980469,14.928740501403809,12-6,0.2,0.001,300
90,43.9556321747449,44.955250224129095,Glam_dnn_MULTI_0.001_0.2_300_22,14.316847801208496,14.569133758544922,12-6,0.2,0.001,300
91,44.2427734375,45.729488185194676,Glam_dnn_MULTI_0.001_0.2_300_23,13.631135940551758,14.73936653137207,12-6,0.2,0.001,300
92,44.72495615433674,44.31326043801229,Glam_dnn_MULTI_0.001_0.2_300_24,14.316143989562988,15.292000770568848,12-6,0.2,0.001,300
93,43.72500398596939,44.099489305840166,Glam_dnn_MULTI_0.001_0.2_300_3,13.810336112976074,15.087682723999023,12-6,0.2,0.001,300
94,43.94849330357143,44.544389568391395,Glam_dnn_MULTI_0.001_0.2_300_4,14.361599922180176,14.894013404846191,12-6,0.2,0.001,300
95,44.03752391581633,44.025770844006146,Glam_dnn_MULTI_0.001_0.2_300_5,14.237895965576172,14.765029907226562,12-6,0.2,0.001,300
96,44.554783163265306,45.40806304431352,Glam_dnn_MULTI_0.001_0.2_300_6,13.817825317382812,14.201602935791016,12-6,0.2,0.001,300
97,44.9290019132653,45.15179143186475,Glam_dnn_MULTI_0.001_0.2_300_7,14.810827255249023,14.987895965576172,12-6,0.2,0.001,300
98,44.95666055484694,45.05289846951844,Glam_dnn_MULTI_0.001_0.2_300_8,13.993043899536133,15.096277236938477,12-6,0.2,0.001,300
99,44.72310267857143,44.44382364241803,Glam_dnn_MULTI_0.001_0.2_300_9,14.584330558776855,15.242911338806152,12-6,0.2,0.001,300
100,42.48543925382653,44.17286757172131,Glam_dnn_MULTI_0.01_0.2_300_0,11.373275756835938,13.981572151184082,12-6,0.2,0.01,300
101,45.58723692602041,46.68087218237705,Glam_dnn_MULTI_0.01_0.2_300_1,12.457934379577637,12.988564491271973,12-6,0.2,0.01,300
102,45.66228475765306,46.10917888703894,Glam_dnn_MULTI_0.01_0.2_300_10,12.60897445678711,12.271358489990234,12-6,0.2,0.01,300
103,45.02578922193877,47.88339283427254,Glam_dnn_MULTI_0.01_0.2_300_11,11.226846694946289,12.06425952911377,12-6,0.2,0.01,300
104,44.56327726403061,45.77891265368852,Glam_dnn_MULTI_0.01_0.2_300_12,11.937989234924316,12.301178932189941,12-6,0.2,0.01,300
105,44.94774394132653,45.07782882940574,Glam_dnn_MULTI_0.01_0.2_300_13,12.978501319885254,12.787550926208496,12-6,0.2,0.01,300
106,45.96056281887755,47.443839651639344,Glam_dnn_MULTI_0.01_0.2_300_14,12.685957908630371,12.573688507080078,12-6,0.2,0.01,300
107,43.18481744260204,44.622322457735656,Glam_dnn_MULTI_0.01_0.2_300_15,11.684906959533691,12.951992988586426,12-6,0.2,0.01,300
108,46.14520089285714,47.1424780673668,Glam_dnn_MULTI_0.01_0.2_300_16,13.22915267944336,12.349846839904785,12-6,0.2,0.01,300
109,45.08812181122449,46.43226898693648,Glam_dnn_MULTI_0.01_0.2_300_17,12.842573165893555,13.655987739562988,12-6,0.2,0.01,300
110,45.84933832908163,46.107902151639344,Glam_dnn_MULTI_0.01_0.2_300_18,12.322609901428223,13.557246208190918,12-6,0.2,0.01,300
111,43.99998405612245,46.200935738985656,Glam_dnn_MULTI_0.01_0.2_300_19,11.024425506591797,13.447225570678711,12-6,0.2,0.01,300
112,45.471990593112245,47.4730004482582,Glam_dnn_MULTI_0.01_0.2_300_2,11.439396858215332,12.632488250732422,12-6,0.2,0.01,300
113,45.97053571428572,48.37434362192623,Glam_dnn_MULTI_0.01_0.2_300_20,10.374197959899902,12.657381057739258,12-6,0.2,0.01,300
114,46.063879145408166,46.8153296298668,Glam_dnn_MULTI_0.01_0.2_300_21,11.752607345581055,12.790165901184082,12-6,0.2,0.01,300
115,44.636144770408166,46.47590612192623,Glam_dnn_MULTI_0.01_0.2_300_22,12.371843338012695,12.168760299682617,12-6,0.2,0.01,300
116,43.71217713647959,44.4679175204918,Glam_dnn_MULTI_0.01_0.2_300_23,13.477371215820312,13.343158721923828,12-6,0.2,0.01,300
117,46.43662308673469,48.27559474257172,Glam_dnn_MULTI_0.01_0.2_300_24,11.780909538269043,12.873674392700195,12-6,0.2,0.01,300
118,48.41729113520408,49.53897044697746,Glam_dnn_MULTI_0.01_0.2_300_3,11.60653018951416,12.530394554138184,12-6,0.2,0.01,300
119,45.709263392857146,46.553714939805324,Glam_dnn_MULTI_0.01_0.2_300_4,12.779658317565918,13.506348609924316,12-6,0.2,0.01,300
120,44.130907206632656,45.366166912141395,Glam_dnn_MULTI_0.01_0.2_300_5,12.795656204223633,12.613574981689453,12-6,0.2,0.01,300
121,45.13206712372449,46.468141649590166,Glam_dnn_MULTI_0.01_0.2_300_6,12.713557243347168,13.882083892822266,12-6,0.2,0.01,300
122,46.17938855229592,48.69992715804303,Glam_dnn_MULTI_0.01_0.2_300_7,11.201160430908203,12.761625289916992,12-6,0.2,0.01,300
123,44.77555803571428,45.975926133452866,Glam_dnn_MULTI_0.01_0.2_300_8,12.774862289428711,13.434074401855469,12-6,0.2,0.01,300
124,44.102295918367346,45.77998927382172,Glam_dnn_MULTI_0.01_0.2_300_9,12.847663879394531,14.078137397766113,12-6,0.2,0.01,300
125,41.043757971938774,40.538426133452866,Glam_dnn_MULTI_0.1_0.2_300_0,12.329689979553223,14.890348434448242,12-6,0.2,0.1,300
126,44.677391581632655,46.781129930840166,Glam_dnn_MULTI_0.1_0.2_300_1,11.669422149658203,13.42465591430664,12-6,0.2,0.1,300
127,47.87594068877551,45.98066086065574,Glam_dnn_MULTI_0.1_0.2_300_10,12.259961128234863,9.809122085571289,12-6,0.2,0.1,300
128,47.48835698341837,46.85512054943648,Glam_dnn_MULTI_0.1_0.2_300_11,12.891838073730469,13.522432327270508,12-6,0.2,0.1,300
129,43.9100247130102,43.27470623078894,Glam_dnn_MULTI_0.1_0.2_300_12,12.3482666015625,10.098734855651855,12-6,0.2,0.1,300
130,46.03936941964286,45.04227234887295,Glam_dnn_MULTI_0.1_0.2_300_13,12.470531463623047,11.060619354248047,12-6,0.2,0.1,300
131,44.332605229591834,43.520335713370905,Glam_dnn_MULTI_0.1_0.2_300_14,12.480257034301758,10.305044174194336,12-6,0.2,0.1,300
132,53.39593829719388,52.18407002433402,Glam_dnn_MULTI_0.1_0.2_300_15,12.554427146911621,12.915531158447266,12-6,0.2,0.1,300
133,48.86699617346939,46.689100922131146,Glam_dnn_MULTI_0.1_0.2_300_16,13.43575668334961,10.359673500061035,12-6,0.2,0.1,300
134,44.53052455357143,44.21769339139344,Glam_dnn_MULTI_0.1_0.2_300_17,11.84812068939209,10.466391563415527,12-6,0.2,0.1,300
135,46.62668207908163,45.51995549436475,Glam_dnn_MULTI_0.1_0.2_300_18,12.161152839660645,11.533348083496094,12-6,0.2,0.1,300
136,50.29173708545918,51.05042504482582,Glam_dnn_MULTI_0.1_0.2_300_19,11.00297737121582,11.599998474121094,12-6,0.2,0.1,300
137,50.84597018494898,49.38678678919057,Glam_dnn_MULTI_0.1_0.2_300_2,13.556832313537598,12.53245735168457,12-6,0.2,0.1,300
138,44.12453762755102,42.479704309682376,Glam_dnn_MULTI_0.1_0.2_300_20,11.986863136291504,10.009657859802246,12-6,0.2,0.1,300
139,50.26722735969388,49.061415375256146,Glam_dnn_MULTI_0.1_0.2_300_21,13.653108596801758,13.643552780151367,12-6,0.2,0.1,300
140,47.23831712372449,46.16100473872951,Glam_dnn_MULTI_0.1_0.2_300_22,10.412365913391113,10.351357460021973,12-6,0.2,0.1,300
141,46.447608418367345,43.82098888960041,Glam_dnn_MULTI_0.1_0.2_300_23,12.37121868133545,11.013910293579102,12-6,0.2,0.1,300
142,43.5850924744898,41.22473744877049,Glam_dnn_MULTI_0.1_0.2_300_24,14.340147018432617,11.593966484069824,12-6,0.2,0.1,300
143,45.2091796875,44.39714875768443,Glam_dnn_MULTI_0.1_0.2_300_3,12.30961799621582,11.04417896270752,12-6,0.2,0.1,300
144,49.12485650510204,45.72284836065574,Glam_dnn_MULTI_0.1_0.2_300_4,12.203241348266602,11.159299850463867,12-6,0.2,0.1,300
145,43.229181281887755,43.22698274205943,Glam_dnn_MULTI_0.1_0.2_300_5,12.827364921569824,10.512899398803711,12-6,0.2,0.1,300
146,47.385714285714286,48.58072249615779,Glam_dnn_MULTI_0.1_0.2_300_6,12.111129760742188,11.472893714904785,12-6,0.2,0.1,300
147,46.48923389668367,45.27882060066598,Glam_dnn_MULTI_0.1_0.2_300_7,14.44272518157959,10.864474296569824,12-6,0.2,0.1,300
148,44.28996332908163,42.481337250256146,Glam_dnn_MULTI_0.1_0.2_300_8,13.237675666809082,10.073250770568848,12-6,0.2,0.1,300
149,47.727873883928574,48.50465868340164,Glam_dnn_MULTI_0.1_0.2_300_9,11.163189888000488,10.861823081970215,12-6,0.2,0.1,300
150,45.19046556122449,46.17506083504098,Glam_dnn_MULTI_0.001_0.2_300_0,13.043752670288086,14.739574432373047,12-8,0.2,0.001,300
151,44.991677295918365,45.932521132172134,Glam_dnn_MULTI_0.001_0.2_300_1,13.412557601928711,14.442033767700195,12-8,0.2,0.001,300
152,45.26867028061225,46.66544729764344,Glam_dnn_MULTI_0.001_0.2_300_10,13.62053108215332,14.42953109741211,12-8,0.2,0.001,300
153,45.38842474489796,45.88935226690574,Glam_dnn_MULTI_0.001_0.2_300_11,13.449433326721191,15.115727424621582,12-8,0.2,0.001,300
154,44.60300143494898,45.11346135373975,Glam_dnn_MULTI_0.001_0.2_300_12,13.495530128479004,14.369412422180176,12-8,0.2,0.001,300
155,43.13035714285714,44.08646180199795,Glam_dnn_MULTI_0.001_0.2_300_13,14.366167068481445,14.450390815734863,12-8,0.2,0.001,300
156,44.56449298469388,45.50846887807377,Glam_dnn_MULTI_0.001_0.2_300_14,13.294366836547852,14.844820976257324,12-8,0.2,0.001,300
157,44.07320631377551,45.35514856557377,Glam_dnn_MULTI_0.001_0.2_300_15,13.563733100891113,14.235541343688965,12-8,0.2,0.001,300
158,44.512061543367345,45.20967677382172,Glam_dnn_MULTI_0.001_0.2_300_16,14.307196617126465,14.538323402404785,12-8,0.2,0.001,300
159,46.156584821428574,47.051637743340166,Glam_dnn_MULTI_0.001_0.2_300_17,12.774592399597168,14.787312507629395,12-8,0.2,0.001,300
160,44.33699776785714,44.894371157786885,Glam_dnn_MULTI_0.001_0.2_300_18,14.21249008178711,14.768527030944824,12-8,0.2,0.001,300
161,44.30711096938776,45.15293609118852,Glam_dnn_MULTI_0.001_0.2_300_19,13.796181678771973,14.853480339050293,12-8,0.2,0.001,300
162,43.70435267857143,44.10394787397541,Glam_dnn_MULTI_0.001_0.2_300_2,14.294205665588379,14.475502967834473,12-8,0.2,0.001,300
163,45.61274713010204,46.47511366547131,Glam_dnn_MULTI_0.001_0.2_300_20,14.036996841430664,14.88573932647705,12-8,0.2,0.001,300
164,43.31344068877551,43.90756275614754,Glam_dnn_MULTI_0.001_0.2_300_21,15.210179328918457,15.069087028503418,12-8,0.2,0.001,300
165,45.276339285714286,45.926197489754095,Glam_dnn_MULTI_0.001_0.2_300_22,13.913756370544434,14.501574516296387,12-8,0.2,0.001,300
166,44.525286989795916,45.28460793417008,Glam_dnn_MULTI_0.001_0.2_300_23,14.11625862121582,14.452913284301758,12-8,0.2,0.001,300
167,45.19947385204082,46.34258933145492,Glam_dnn_MULTI_0.001_0.2_300_24,12.7689208984375,14.932840347290039,12-8,0.2,0.001,300
168,44.738930963010205,45.80244220671106,Glam_dnn_MULTI_0.001_0.2_300_3,14.0558443069458,14.77070140838623,12-8,0.2,0.001,300
169,44.81355229591837,45.28651703381148,Glam_dnn_MULTI_0.001_0.2_300_4,14.14119815826416,15.211227416992188,12-8,0.2,0.001,300
170,44.16410235969388,45.03947473744877,Glam_dnn_MULTI_0.001_0.2_300_5,14.086044311523438,14.341428756713867,12-8,0.2,0.001,300
171,44.63579400510204,45.99880731301229,Glam_dnn_MULTI_0.001_0.2_300_6,13.650880813598633,14.224489212036133,12-8,0.2,0.001,300
172,45.55264269770408,46.33054639472336,Glam_dnn_MULTI_0.001_0.2_300_7,12.986699104309082,14.591792106628418,12-8,0.2,0.001,300
173,43.74732541454082,44.8128441982582,Glam_dnn_MULTI_0.001_0.2_300_8,13.872990608215332,14.27799129486084,12-8,0.2,0.001,300
174,45.02546237244898,44.808765849129095,Glam_dnn_MULTI_0.001_0.2_300_9,14.352648735046387,15.009867668151855,12-8,0.2,0.001,300
175,45.08791454081633,46.152916079661885,Glam_dnn_MULTI_0.01_0.2_300_0,13.160470008850098,13.552330017089844,12-8,0.2,0.01,300
176,45.466701211734694,46.89844950691598,Glam_dnn_MULTI_0.01_0.2_300_1,12.808625221252441,13.544026374816895,12-8,0.2,0.01,300
177,43.969068877551024,46.39166559938525,Glam_dnn_MULTI_0.01_0.2_300_10,11.072708129882812,13.043649673461914,12-8,0.2,0.01,300
178,46.8136399872449,48.70332111296106,Glam_dnn_MULTI_0.01_0.2_300_11,11.957863807678223,13.038045883178711,12-8,0.2,0.01,300
179,46.29987244897959,47.75380219006148,Glam_dnn_MULTI_0.01_0.2_300_12,12.675897598266602,12.671091079711914,12-8,0.2,0.01,300
180,44.766605548469386,46.16058049436475,Glam_dnn_MULTI_0.01_0.2_300_13,11.8735933303833,12.178747177124023,12-8,0.2,0.01,300
181,44.477634725765306,45.429295274077866,Glam_dnn_MULTI_0.01_0.2_300_14,12.469924926757812,12.38945484161377,12-8,0.2,0.01,300
182,44.96937978316326,45.74602571080943,Glam_dnn_MULTI_0.01_0.2_300_15,12.357514381408691,11.90091323852539,12-8,0.2,0.01,300
183,46.652387595663264,48.29198018058402,Glam_dnn_MULTI_0.01_0.2_300_16,11.638216972351074,12.312002182006836,12-8,0.2,0.01,300
184,45.38897082270408,46.46842981557377,Glam_dnn_MULTI_0.01_0.2_300_17,11.778678894042969,11.79939079284668,12-8,0.2,0.01,300
185,45.775932716836735,46.965003842213115,Glam_dnn_MULTI_0.01_0.2_300_18,12.212644577026367,13.327688217163086,12-8,0.2,0.01,300
186,49.62875876913265,47.893034387807376,Glam_dnn_MULTI_0.01_0.2_300_19,11.327229499816895,13.185056686401367,12-8,0.2,0.01,300
187,20.18077168367347,20.180774125896516,Glam_dnn_MULTI_0.01_0.2_300_2,29.29741096496582,29.528018951416016,12-8,0.2,0.01,300
188,44.812519929846935,46.36764776511271,Glam_dnn_MULTI_0.01_0.2_300_20,12.577244758605957,12.796534538269043,12-8,0.2,0.01,300
189,43.86867028061224,46.17803454789959,Glam_dnn_MULTI_0.01_0.2_300_21,12.417061805725098,12.924457550048828,12-8,0.2,0.01,300
190,46.50360331632653,48.74979588242828,Glam_dnn_MULTI_0.01_0.2_300_22,12.230596542358398,12.968905448913574,12-8,0.2,0.01,300
191,46.39033801020408,47.65296010502049,Glam_dnn_MULTI_0.01_0.2_300_23,11.850218772888184,11.139949798583984,12-8,0.2,0.01,300
192,45.41538584183674,46.30393506659836,Glam_dnn_MULTI_0.01_0.2_300_24,11.342333793640137,11.295458793640137,12-8,0.2,0.01,300
193,46.99560746173469,47.280641649590166,Glam_dnn_MULTI_0.01_0.2_300_3,11.694086074829102,12.735795974731445,12-8,0.2,0.01,300
194,43.818678252551024,44.42138671875,Glam_dnn_MULTI_0.01_0.2_300_4,12.57771110534668,13.68044662475586,12-8,0.2,0.01,300
195,44.83228635204082,46.09564309042008,Glam_dnn_MULTI_0.01_0.2_300_5,12.583611488342285,13.558798789978027,12-8,0.2,0.01,300
196,45.17592075892857,46.81223184554303,Glam_dnn_MULTI_0.01_0.2_300_6,12.819665908813477,13.62757682800293,12-8,0.2,0.01,300
197,45.38708545918367,44.61887647284836,Glam_dnn_MULTI_0.01_0.2_300_7,13.300145149230957,12.06814956665039,12-8,0.2,0.01,300
198,49.07305086096939,48.46196209016394,Glam_dnn_MULTI_0.01_0.2_300_8,11.611983299255371,12.650931358337402,12-8,0.2,0.01,300
199,45.35333227040816,47.167768634733605,Glam_dnn_MULTI_0.01_0.2_300_9,13.099061012268066,12.255680084228516,12-8,0.2,0.01,300
200,41.30951849489796,39.87676901895492,Glam_dnn_MULTI_0.1_0.2_300_0,13.685957908630371,12.56440258026123,12-8,0.2,0.1,300
201,47.62157605229592,49.22087122182377,Glam_dnn_MULTI_0.1_0.2_300_1,10.593870162963867,11.486780166625977,12-8,0.2,0.1,300
202,47.5192402742347,46.57023245389344,Glam_dnn_MULTI_0.1_0.2_300_10,11.206581115722656,13.181611061096191,12-8,0.2,0.1,300
203,42.54790338010204,42.06618212090164,Glam_dnn_MULTI_0.1_0.2_300_11,12.067566871643066,12.018598556518555,12-8,0.2,0.1,300
204,44.641804846938776,42.98892161885246,Glam_dnn_MULTI_0.1_0.2_300_12,12.986703872680664,11.348653793334961,12-8,0.2,0.1,300
205,46.78573820153061,46.347095927254095,Glam_dnn_MULTI_0.1_0.2_300_13,11.531898498535156,12.004395484924316,12-8,0.2,0.1,300
206,43.7808274872449,43.81179159195697,Glam_dnn_MULTI_0.1_0.2_300_14,11.105572700500488,10.754768371582031,12-8,0.2,0.1,300
207,49.163257334183676,47.22866771260246,Glam_dnn_MULTI_0.1_0.2_300_15,10.449792861938477,12.322510719299316,12-8,0.2,0.1,300
208,45.09844945790816,44.23191758452869,Glam_dnn_MULTI_0.1_0.2_300_16,12.669546127319336,10.00964641571045,12-8,0.2,0.1,300
209,43.40272640306122,39.75874103483606,Glam_dnn_MULTI_0.1_0.2_300_17,13.686420440673828,12.300710678100586,12-8,0.2,0.1,300
210,44.5358418367347,45.73467517289959,Glam_dnn_MULTI_0.1_0.2_300_18,11.455119132995605,10.981697082519531,12-8,0.2,0.1,300
211,45.06046316964286,44.386546650870905,Glam_dnn_MULTI_0.1_0.2_300_19,12.368982315063477,10.321331024169922,12-8,0.2,0.1,300
212,41.889429209183675,39.86961689933402,Glam_dnn_MULTI_0.1_0.2_300_2,13.128029823303223,12.603677749633789,12-8,0.2,0.1,300
213,50.97094228316327,50.80203797387295,Glam_dnn_MULTI_0.1_0.2_300_20,11.945104598999023,11.0274076461792,12-8,0.2,0.1,300
214,45.06452487244898,41.8551245517418,Glam_dnn_MULTI_0.1_0.2_300_21,12.686027526855469,10.006402015686035,12-8,0.2,0.1,300
215,42.66306202168367,40.25033619364754,Glam_dnn_MULTI_0.1_0.2_300_22,14.257710456848145,11.189960479736328,12-8,0.2,0.1,300
216,46.276303411989794,46.80177382172131,Glam_dnn_MULTI_0.1_0.2_300_23,11.54812240600586,10.390538215637207,12-8,0.2,0.1,300
217,46.73680245535714,46.96099353227459,Glam_dnn_MULTI_0.1_0.2_300_24,12.844245910644531,12.31375503540039,12-8,0.2,0.1,300
218,44.192255261479595,43.24286789190574,Glam_dnn_MULTI_0.1_0.2_300_3,12.682064056396484,11.488231658935547,12-8,0.2,0.1,300
219,43.73003029336735,43.54640272797131,Glam_dnn_MULTI_0.1_0.2_300_4,11.968381881713867,10.985796928405762,12-8,0.2,0.1,300
220,44.887109375,44.481581390881146,Glam_dnn_MULTI_0.1_0.2_300_5,13.774739265441895,11.30782413482666,12-8,0.2,0.1,300
221,40.62936862244898,40.08490890753074,Glam_dnn_MULTI_0.1_0.2_300_6,13.115283966064453,11.680747985839844,12-8,0.2,0.1,300
222,48.49837771045918,46.790651415215166,Glam_dnn_MULTI_0.1_0.2_300_7,13.331812858581543,10.751723289489746,12-8,0.2,0.1,300
223,41.675884885204084,40.80251424820697,Glam_dnn_MULTI_0.1_0.2_300_8,14.51991081237793,11.140007972717285,12-8,0.2,0.1,300
224,48.93528380102041,49.574843109631146,Glam_dnn_MULTI_0.1_0.2_300_9,12.542558670043945,9.884629249572754,12-8,0.2,0.1,300
225,44.035961415816324,45.005543192879095,Glam_dnn_MULTI_0.001_0.2_300_0,13.815752029418945,14.730074882507324,16-8,0.2,0.001,300
226,44.554376594387755,45.742067430840166,Glam_dnn_MULTI_0.001_0.2_300_1,13.237343788146973,14.240957260131836,16-8,0.2,0.001,300
227,44.31749043367347,45.33216332607582,Glam_dnn_MULTI_0.001_0.2_300_10,13.313863754272461,14.37049388885498,16-8,0.2,0.001,300
228,44.998604910714285,45.589271420338115,Glam_dnn_MULTI_0.001_0.2_300_11,12.876680374145508,14.350906372070312,16-8,0.2,0.001,300
229,44.50652104591837,45.17417632556352,Glam_dnn_MULTI_0.001_0.2_300_12,13.381370544433594,14.166646957397461,16-8,0.2,0.001,300
230,43.75166613520408,44.89408299180328,Glam_dnn_MULTI_0.001_0.2_300_13,13.985727310180664,14.85225772857666,16-8,0.2,0.001,300
231,43.626709980867346,44.46271052126025,Glam_dnn_MULTI_0.001_0.2_300_14,13.932395935058594,14.942144393920898,16-8,0.2,0.001,300
232,44.44046954719388,45.737800973360656,Glam_dnn_MULTI_0.001_0.2_300_15,13.100719451904297,14.29128360748291,16-8,0.2,0.001,300
233,44.38418367346939,44.9696265048668,Glam_dnn_MULTI_0.001_0.2_300_16,13.852667808532715,14.666494369506836,16-8,0.2,0.001,300
234,45.23456632653061,46.055748110911885,Glam_dnn_MULTI_0.001_0.2_300_17,13.875140190124512,14.437775611877441,16-8,0.2,0.001,300
235,44.19352678571428,44.53521228227459,Glam_dnn_MULTI_0.001_0.2_300_18,13.9117431640625,14.583209037780762,16-8,0.2,0.001,300
236,44.28956074617347,45.37022925204918,Glam_dnn_MULTI_0.001_0.2_300_19,13.674803733825684,14.601408958435059,16-8,0.2,0.001,300
237,44.492159598214286,45.66218541880123,Glam_dnn_MULTI_0.001_0.2_300_2,13.693943977355957,14.509943962097168,16-8,0.2,0.001,300
238,44.00863360969388,44.96498383068648,Glam_dnn_MULTI_0.001_0.2_300_20,13.70748233795166,14.470705032348633,16-8,0.2,0.001,300
239,43.84984853316327,45.73764088114754,Glam_dnn_MULTI_0.001_0.2_300_21,14.412812232971191,14.606643676757812,16-8,0.2,0.001,300
240,44.40519770408163,45.12092565317623,Glam_dnn_MULTI_0.001_0.2_300_22,13.528276443481445,14.434653282165527,16-8,0.2,0.001,300
241,44.250964604591836,44.79220831198771,Glam_dnn_MULTI_0.001_0.2_300_23,14.367232322692871,14.326261520385742,16-8,0.2,0.001,300
242,44.36342474489796,45.193287333504095,Glam_dnn_MULTI_0.001_0.2_300_24,13.787332534790039,14.362228393554688,16-8,0.2,0.001,300
243,44.576128029336736,45.378001728995905,Glam_dnn_MULTI_0.001_0.2_300_3,13.072015762329102,14.617669105529785,16-8,0.2,0.001,300
244,44.38608896683674,45.000404232838115,Glam_dnn_MULTI_0.001_0.2_300_4,13.570920944213867,14.115172386169434,16-8,0.2,0.001,300
245,45.13706951530612,46.30280241419057,Glam_dnn_MULTI_0.001_0.2_300_5,13.0252046585083,14.637746810913086,16-8,0.2,0.001,300
246,43.401578443877554,44.46759333376025,Glam_dnn_MULTI_0.001_0.2_300_6,14.439434051513672,14.367345809936523,16-8,0.2,0.001,300
247,44.69406489158163,46.024894339139344,Glam_dnn_MULTI_0.001_0.2_300_7,13.425426483154297,14.591020584106445,16-8,0.2,0.001,300
248,44.71159119897959,45.94055776127049,Glam_dnn_MULTI_0.001_0.2_300_8,14.196130752563477,14.066208839416504,16-8,0.2,0.001,300
249,44.41571269132653,45.20457383452869,Glam_dnn_MULTI_0.001_0.2_300_9,13.821365356445312,14.486931800842285,16-8,0.2,0.001,300
250,44.482517538265306,45.67801453637295,Glam_dnn_MULTI_0.01_0.2_300_0,12.438746452331543,12.472138404846191,16-8,0.2,0.01,300
251,44.27501195790816,44.008885117827866,Glam_dnn_MULTI_0.01_0.2_300_1,12.79872989654541,11.561640739440918,16-8,0.2,0.01,300
252,44.05294961734694,45.9972143954918,Glam_dnn_MULTI_0.01_0.2_300_10,11.959916114807129,11.951395988464355,16-8,0.2,0.01,300
253,45.194786352040815,48.082911757172134,Glam_dnn_MULTI_0.01_0.2_300_11,11.723067283630371,12.504880905151367,16-8,0.2,0.01,300
254,44.46299824617347,45.129066342213115,Glam_dnn_MULTI_0.01_0.2_300_12,11.235543251037598,12.116384506225586,16-8,0.2,0.01,300
255,45.052686543367344,46.28779376921106,Glam_dnn_MULTI_0.01_0.2_300_13,11.6893892288208,11.43050479888916,16-8,0.2,0.01,300
256,45.74765625,47.238633452868854,Glam_dnn_MULTI_0.01_0.2_300_14,11.663195610046387,11.912339210510254,16-8,0.2,0.01,300
257,47.11379544005102,48.517994364754095,Glam_dnn_MULTI_0.01_0.2_300_15,11.64467716217041,12.550711631774902,16-8,0.2,0.01,300
258,47.31178651147959,48.35954309682377,Glam_dnn_MULTI_0.01_0.2_300_16,11.95786190032959,12.564682960510254,16-8,0.2,0.01,300
259,45.05451211734694,44.96376312756148,Glam_dnn_MULTI_0.01_0.2_300_17,11.847521781921387,12.369868278503418,16-8,0.2,0.01,300
260,44.70457987882653,46.38345286885246,Glam_dnn_MULTI_0.01_0.2_300_18,12.291338920593262,13.43092155456543,16-8,0.2,0.01,300
261,45.6086575255102,46.489013671875,Glam_dnn_MULTI_0.01_0.2_300_19,12.217918395996094,12.003743171691895,16-8,0.2,0.01,300
262,46.22601243622449,45.868812435963115,Glam_dnn_MULTI_0.01_0.2_300_2,12.035832405090332,10.797497749328613,16-8,0.2,0.01,300
263,48.278077168367346,46.29825179303279,Glam_dnn_MULTI_0.01_0.2_300_20,12.400533676147461,11.221543312072754,16-8,0.2,0.01,300
264,46.15244339923469,46.97994044569672,Glam_dnn_MULTI_0.01_0.2_300_21,11.576910972595215,12.871711730957031,16-8,0.2,0.01,300
265,45.20246332908163,45.44316326203894,Glam_dnn_MULTI_0.01_0.2_300_22,11.78990364074707,13.002042770385742,16-8,0.2,0.01,300
266,45.73189971301021,46.99056656634221,Glam_dnn_MULTI_0.01_0.2_300_23,12.613143920898438,13.566853523254395,16-8,0.2,0.01,300
267,45.38891103316327,46.487917040215166,Glam_dnn_MULTI_0.01_0.2_300_24,12.451366424560547,13.167189598083496,16-8,0.2,0.01,300
268,46.121388711734696,46.17001392802254,Glam_dnn_MULTI_0.01_0.2_300_3,13.369635581970215,11.66609001159668,16-8,0.2,0.01,300
269,45.545495854591834,47.782850922131146,Glam_dnn_MULTI_0.01_0.2_300_4,12.884761810302734,12.396815299987793,16-8,0.2,0.01,300
270,46.38475765306122,46.44281105917008,Glam_dnn_MULTI_0.01_0.2_300_5,11.901403427124023,11.92465591430664,16-8,0.2,0.01,300
271,46.01518654336735,47.711882044057376,Glam_dnn_MULTI_0.01_0.2_300_6,10.725678443908691,12.106739044189453,16-8,0.2,0.01,300
272,46.80377869897959,48.32632396260246,Glam_dnn_MULTI_0.01_0.2_300_7,12.57620620727539,12.02219009399414,16-8,0.2,0.01,300
273,45.761391900510205,46.968421810963115,Glam_dnn_MULTI_0.01_0.2_300_8,12.351346015930176,11.354402542114258,16-8,0.2,0.01,300
274,46.09720184948979,45.34639552382172,Glam_dnn_MULTI_0.01_0.2_300_9,12.104171752929688,12.016761779785156,16-8,0.2,0.01,300
275,45.52674585459184,46.017814261014344,Glam_dnn_MULTI_0.1_0.2_300_0,10.82174301147461,10.631596565246582,16-8,0.2,0.1,300
276,50.12161192602041,48.06613409323771,Glam_dnn_MULTI_0.1_0.2_300_1,12.276981353759766,10.315634727478027,16-8,0.2,0.1,300
277,50.60532525510204,50.264404296875,Glam_dnn_MULTI_0.1_0.2_300_10,11.871527671813965,10.495888710021973,16-8,0.2,0.1,300
278,48.54736926020408,45.69460409195697,Glam_dnn_MULTI_0.1_0.2_300_11,10.77645206451416,10.525094985961914,16-8,0.2,0.1,300
279,44.86497927295918,43.17869092597336,Glam_dnn_MULTI_0.1_0.2_300_12,10.564083099365234,10.658548355102539,16-8,0.2,0.1,300
280,45.65088488520408,45.687944255891395,Glam_dnn_MULTI_0.1_0.2_300_13,10.200481414794922,9.820541381835938,16-8,0.2,0.1,300
281,51.06341677295919,52.79657882940574,Glam_dnn_MULTI_0.1_0.2_300_14,10.442237854003906,12.471308708190918,16-8,0.2,0.1,300
282,49.24716198979592,48.06796314677254,Glam_dnn_MULTI_0.1_0.2_300_15,11.415387153625488,10.676178932189941,16-8,0.2,0.1,300
283,50.1426100127551,48.07742059426229,Glam_dnn_MULTI_0.1_0.2_300_16,10.20188045501709,12.436694145202637,16-8,0.2,0.1,300
284,45.13913424744898,43.77112416752049,Glam_dnn_MULTI_0.1_0.2_300_17,10.602190971374512,9.763282775878906,16-8,0.2,0.1,300
285,41.90775669642857,41.74944768186475,Glam_dnn_MULTI_0.1_0.2_300_18,12.559296607971191,12.391642570495605,16-8,0.2,0.1,300
286,50.25011559311225,49.49075867699795,Glam_dnn_MULTI_0.1_0.2_300_19,11.673434257507324,10.539719581604004,16-8,0.2,0.1,300
287,50.15621412627551,48.71570824795082,Glam_dnn_MULTI_0.1_0.2_300_2,12.274720191955566,11.5512056350708,16-8,0.2,0.1,300
288,49.397456951530614,46.323646420338115,Glam_dnn_MULTI_0.1_0.2_300_20,12.058643341064453,9.625877380371094,16-8,0.2,0.1,300
289,48.69703443877551,45.747630635245905,Glam_dnn_MULTI_0.1_0.2_300_21,10.461926460266113,9.744399070739746,16-8,0.2,0.1,300
290,49.681313775510205,47.68076812243852,Glam_dnn_MULTI_0.1_0.2_300_22,11.30369758605957,10.459134101867676,16-8,0.2,0.1,300
291,45.79382971938775,44.15450099257172,Glam_dnn_MULTI_0.1_0.2_300_23,12.284908294677734,10.391860961914062,16-8,0.2,0.1,300
292,42.58809789540816,42.831574987192624,Glam_dnn_MULTI_0.1_0.2_300_24,13.380624771118164,11.197044372558594,16-8,0.2,0.1,300
293,42.81988201530612,42.09881291623975,Glam_dnn_MULTI_0.1_0.2_300_3,11.307048797607422,10.508699417114258,16-8,0.2,0.1,300
294,49.498620854591834,47.71931432505123,Glam_dnn_MULTI_0.1_0.2_300_4,12.810410499572754,11.786417961120605,16-8,0.2,0.1,300
295,48.040904017857144,45.271736520235656,Glam_dnn_MULTI_0.1_0.2_300_5,9.79289436340332,10.20374584197998,16-8,0.2,0.1,300
296,47.67352519132653,48.80974641393443,Glam_dnn_MULTI_0.1_0.2_300_6,11.379987716674805,9.98794937133789,16-8,0.2,0.1,300
297,45.0634446747449,39.00983366419057,Glam_dnn_MULTI_0.1_0.2_300_7,15.162812232971191,13.020254135131836,16-8,0.2,0.1,300
298,48.990353954081634,48.884901703381146,Glam_dnn_MULTI_0.1_0.2_300_8,11.003878593444824,9.513477325439453,16-8,0.2,0.1,300
299,47.381640625,46.090576171875,Glam_dnn_MULTI_0.1_0.2_300_9,10.59823226928711,11.070178031921387,16-8,0.2,0.1,300
300,44.7551419005102,45.84352987320697,Glam_dnn_MULTI_0.001_0.2_300_0,13.137617111206055,13.530475616455078,24-12-6,0.2,0.001,300
301,45.64802295918367,46.99391249359631,Glam_dnn_MULTI_0.001_0.2_300_1,12.171012878417969,13.113058090209961,24-12-6,0.2,0.001,300
302,45.06617506377551,46.98136926869877,Glam_dnn_MULTI_0.001_0.2_300_10,12.642942428588867,13.47752571105957,24-12-6,0.2,0.001,300
303,44.57527104591837,46.49436075179303,Glam_dnn_MULTI_0.001_0.2_300_11,12.729231834411621,13.652469635009766,24-12-6,0.2,0.001,300
304,44.98170838647959,46.12345911244877,Glam_dnn_MULTI_0.001_0.2_300_12,12.827713966369629,13.788896560668945,24-12-6,0.2,0.001,300
305,44.00811941964286,45.09681176357582,Glam_dnn_MULTI_0.001_0.2_300_13,13.279648780822754,13.92326831817627,24-12-6,0.2,0.001,300
306,44.95549266581633,46.16060450819672,Glam_dnn_MULTI_0.001_0.2_300_14,13.183815002441406,13.140786170959473,24-12-6,0.2,0.001,300
307,45.06560905612245,45.96287461577869,Glam_dnn_MULTI_0.001_0.2_300_15,13.196656227111816,14.094742774963379,24-12-6,0.2,0.001,300
308,45.366330516581634,47.078477202868854,Glam_dnn_MULTI_0.001_0.2_300_16,11.921493530273438,13.103755950927734,24-12-6,0.2,0.001,300
309,44.234402901785714,45.570100377817624,Glam_dnn_MULTI_0.001_0.2_300_17,13.410964965820312,14.10481071472168,24-12-6,0.2,0.001,300
310,43.647847576530616,45.645759957735656,Glam_dnn_MULTI_0.001_0.2_300_18,12.451013565063477,13.493781089782715,24-12-6,0.2,0.001,300
311,44.330189732142856,45.10764600409836,Glam_dnn_MULTI_0.001_0.2_300_19,13.343491554260254,13.581639289855957,24-12-6,0.2,0.001,300
312,45.182298309948976,47.19435995133197,Glam_dnn_MULTI_0.001_0.2_300_2,13.132670402526855,13.581828117370605,24-12-6,0.2,0.001,300
313,45.20275031887755,46.98397476946721,Glam_dnn_MULTI_0.001_0.2_300_20,12.803592681884766,13.763541221618652,24-12-6,0.2,0.001,300
314,44.56019610969388,45.71339091316598,Glam_dnn_MULTI_0.001_0.2_300_21,13.042470932006836,13.60523509979248,24-12-6,0.2,0.001,300
315,45.25657286352041,46.678562852202866,Glam_dnn_MULTI_0.001_0.2_300_22,13.155571937561035,13.702723503112793,24-12-6,0.2,0.001,300
316,45.62100605867347,46.906990426485656,Glam_dnn_MULTI_0.001_0.2_300_23,12.288355827331543,13.97520637512207,24-12-6,0.2,0.001,300
317,44.796109693877554,46.39044889856557,Glam_dnn_MULTI_0.001_0.2_300_24,12.435364723205566,13.596211433410645,24-12-6,0.2,0.001,300
318,43.94461096938775,45.21236632300205,Glam_dnn_MULTI_0.001_0.2_300_3,12.709089279174805,13.84020709991455,24-12-6,0.2,0.001,300
319,44.639453125,46.33319592085041,Glam_dnn_MULTI_0.001_0.2_300_4,13.146234512329102,13.299308776855469,24-12-6,0.2,0.001,300
320,44.98269690688775,45.05846567622951,Glam_dnn_MULTI_0.001_0.2_300_5,13.309765815734863,13.435649871826172,24-12-6,0.2,0.001,300
321,44.00298549107143,45.389320248463115,Glam_dnn_MULTI_0.001_0.2_300_6,13.565285682678223,14.159403800964355,24-12-6,0.2,0.001,300
322,45.408561862244895,47.278456390881146,Glam_dnn_MULTI_0.001_0.2_300_7,12.778068542480469,12.94381046295166,24-12-6,0.2,0.001,300
323,44.933529974489794,46.16086866034836,Glam_dnn_MULTI_0.001_0.2_300_8,12.762582778930664,12.712461471557617,24-12-6,0.2,0.001,300
324,45.777901785714285,46.193275326588115,Glam_dnn_MULTI_0.001_0.2_300_9,12.581062316894531,13.733450889587402,24-12-6,0.2,0.001,300
325,45.02650669642857,44.36524638191598,Glam_dnn_MULTI_0.01_0.2_300_0,10.224947929382324,10.101419448852539,24-12-6,0.2,0.01,300
326,48.11591198979592,49.365278400358605,Glam_dnn_MULTI_0.01_0.2_300_1,9.124382019042969,11.508428573608398,24-12-6,0.2,0.01,300
327,47.02123724489796,44.64807729252049,Glam_dnn_MULTI_0.01_0.2_300_10,9.582572937011719,9.168506622314453,24-12-6,0.2,0.01,300
328,44.21900111607143,43.430539991034834,Glam_dnn_MULTI_0.01_0.2_300_11,10.942597389221191,10.503312110900879,24-12-6,0.2,0.01,300
329,47.52015306122449,47.01661356941598,Glam_dnn_MULTI_0.01_0.2_300_12,10.5098295211792,10.280487060546875,24-12-6,0.2,0.01,300
330,47.70287786989796,46.97809138063525,Glam_dnn_MULTI_0.01_0.2_300_13,11.31027603149414,10.040358543395996,24-12-6,0.2,0.01,300
331,45.87324617346939,46.46212218237705,Glam_dnn_MULTI_0.01_0.2_300_14,9.995647430419922,10.675703048706055,24-12-6,0.2,0.01,300
332,46.824952168367346,47.94359150870902,Glam_dnn_MULTI_0.01_0.2_300_15,10.684123992919922,11.68429946899414,24-12-6,0.2,0.01,300
333,44.92917330994898,45.67263543801229,Glam_dnn_MULTI_0.01_0.2_300_16,11.633776664733887,11.463469505310059,24-12-6,0.2,0.01,300
334,44.49044961734694,44.62553630891394,Glam_dnn_MULTI_0.01_0.2_300_17,12.343226432800293,10.884807586669922,24-12-6,0.2,0.01,300
335,43.490015146683675,45.12103771772541,Glam_dnn_MULTI_0.01_0.2_300_18,11.271568298339844,11.289185523986816,24-12-6,0.2,0.01,300
336,46.74105149872449,47.24216748847336,Glam_dnn_MULTI_0.01_0.2_300_19,10.83168888092041,9.322461128234863,24-12-6,0.2,0.01,300
337,43.86186224489796,44.342241130891395,Glam_dnn_MULTI_0.01_0.2_300_2,10.722909927368164,11.494649887084961,24-12-6,0.2,0.01,300
338,44.50219228316327,46.40338434938525,Glam_dnn_MULTI_0.01_0.2_300_20,10.37574577331543,10.62967300415039,24-12-6,0.2,0.01,300
339,47.23221460459184,46.42720607069672,Glam_dnn_MULTI_0.01_0.2_300_21,10.577153205871582,10.637045860290527,24-12-6,0.2,0.01,300
340,47.88776307397959,46.586109599129095,Glam_dnn_MULTI_0.01_0.2_300_22,11.54975700378418,10.505781173706055,24-12-6,0.2,0.01,300
341,45.67455357142857,44.40996413934426,Glam_dnn_MULTI_0.01_0.2_300_23,8.74084186553955,11.030034065246582,24-12-6,0.2,0.01,300
342,49.823254145408164,47.83824683017418,Glam_dnn_MULTI_0.01_0.2_300_24,10.384833335876465,10.018133163452148,24-12-6,0.2,0.01,300
343,46.74286511479592,45.92138671875,Glam_dnn_MULTI_0.01_0.2_300_3,12.060083389282227,11.32358455657959,24-12-6,0.2,0.01,300
344,44.79877232142857,47.17021804559426,Glam_dnn_MULTI_0.01_0.2_300_4,11.100312232971191,11.880756378173828,24-12-6,0.2,0.01,300
345,45.63337850765306,44.3399438076332,Glam_dnn_MULTI_0.01_0.2_300_5,11.52657699584961,8.85722541809082,24-12-6,0.2,0.01,300
346,47.43013392857143,46.76829453765369,Glam_dnn_MULTI_0.01_0.2_300_6,9.623116493225098,10.755743980407715,24-12-6,0.2,0.01,300
347,49.792757493622446,47.761966892930324,Glam_dnn_MULTI_0.01_0.2_300_7,11.332818031311035,10.49211597442627,24-12-6,0.2,0.01,300
348,48.48771125637755,47.10681752689549,Glam_dnn_MULTI_0.01_0.2_300_8,10.681795120239258,10.863018035888672,24-12-6,0.2,0.01,300
349,46.03877551020408,45.67869893058402,Glam_dnn_MULTI_0.01_0.2_300_9,9.873615264892578,10.20386028289795,24-12-6,0.2,0.01,300
350,46.61219706632653,44.52267706198771,Glam_dnn_MULTI_0.1_0.2_300_0,11.71144962310791,10.7091646194458,24-12-6,0.2,0.1,300
351,39.32019690688775,39.41144499231557,Glam_dnn_MULTI_0.1_0.2_300_1,14.585768699645996,12.988053321838379,24-12-6,0.2,0.1,300
352,49.4128268494898,49.803562852202866,Glam_dnn_MULTI_0.1_0.2_300_10,10.71875286102295,11.504171371459961,24-12-6,0.2,0.1,300
353,52.306513073979595,48.51904296875,Glam_dnn_MULTI_0.1_0.2_300_11,13.719244956970215,11.522300720214844,24-12-6,0.2,0.1,300
354,42.123357780612245,41.787501600922134,Glam_dnn_MULTI_0.1_0.2_300_12,12.36031436920166,11.465851783752441,24-12-6,0.2,0.1,300
355,48.127543048469384,45.13370901639344,Glam_dnn_MULTI_0.1_0.2_300_13,10.970252990722656,12.138670921325684,24-12-6,0.2,0.1,300
356,42.984255420918366,40.05658459272541,Glam_dnn_MULTI_0.1_0.2_300_14,13.60615348815918,11.053363800048828,24-12-6,0.2,0.1,300
357,47.602582908163264,44.74358430455943,Glam_dnn_MULTI_0.1_0.2_300_15,11.085647583007812,9.366989135742188,24-12-6,0.2,0.1,300
358,48.57746332908163,45.49956775102459,Glam_dnn_MULTI_0.1_0.2_300_16,12.982007026672363,9.901296615600586,24-12-6,0.2,0.1,300
359,48.22079081632653,45.5774926357582,Glam_dnn_MULTI_0.1_0.2_300_17,11.15854549407959,12.356241226196289,24-12-6,0.2,0.1,300
360,43.335024713010206,42.38275646772541,Glam_dnn_MULTI_0.1_0.2_300_18,10.651936531066895,12.153818130493164,24-12-6,0.2,0.1,300
361,43.54043367346939,43.04067943135246,Glam_dnn_MULTI_0.1_0.2_300_19,12.952922821044922,11.63515853881836,24-12-6,0.2,0.1,300
362,37.92321428571429,39.04763543801229,Glam_dnn_MULTI_0.1_0.2_300_2,12.500361442565918,14.194599151611328,24-12-6,0.2,0.1,300
363,43.75470344387755,41.870777567879095,Glam_dnn_MULTI_0.1_0.2_300_20,13.028480529785156,10.630072593688965,24-12-6,0.2,0.1,300
364,47.36084980867347,45.32112496798156,Glam_dnn_MULTI_0.1_0.2_300_21,11.090738296508789,9.502423286437988,24-12-6,0.2,0.1,300
365,45.02720025510204,41.44047771516394,Glam_dnn_MULTI_0.1_0.2_300_22,14.543781280517578,10.971565246582031,24-12-6,0.2,0.1,300
366,44.064317602040816,40.69378762167008,Glam_dnn_MULTI_0.1_0.2_300_23,11.430569648742676,10.134971618652344,24-12-6,0.2,0.1,300
367,42.349736926020405,40.64278624487705,Glam_dnn_MULTI_0.1_0.2_300_24,13.894469261169434,10.392321586608887,24-12-6,0.2,0.1,300
368,48.73588568239796,47.297111136014344,Glam_dnn_MULTI_0.1_0.2_300_3,10.199963569641113,9.75356674194336,24-12-6,0.2,0.1,300
369,43.30497448979592,39.59398213370902,Glam_dnn_MULTI_0.1_0.2_300_4,12.708734512329102,13.67768383026123,24-12-6,0.2,0.1,300
370,49.69659598214286,47.93923299820697,Glam_dnn_MULTI_0.1_0.2_300_5,13.70931625366211,11.59153938293457,24-12-6,0.2,0.1,300
371,46.179129464285715,44.92433241547131,Glam_dnn_MULTI_0.1_0.2_300_6,12.017040252685547,10.789005279541016,24-12-6,0.2,0.1,300
372,45.367506377551024,43.235511654713115,Glam_dnn_MULTI_0.1_0.2_300_7,13.510071754455566,11.194256782531738,24-12-6,0.2,0.1,300
373,46.390545280612244,44.101850665983605,Glam_dnn_MULTI_0.1_0.2_300_8,10.823001861572266,9.012167930603027,24-12-6,0.2,0.1,300
374,51.32525510204081,50.520795978483605,Glam_dnn_MULTI_0.1_0.2_300_9,11.80349063873291,12.099387168884277,24-12-6,0.2,0.1,300
375,44.966924426020405,46.87054943647541,Glam_dnn_MULTI_0.01_0.2_150_0,17.1004581451416,12.080650329589844,24-12-6,0.2,0.01,150
376,47.115999681122446,48.60006163550205,Glam_dnn_MULTI_0.01_0.2_150_1,17.780813217163086,11.379932403564453,24-12-6,0.2,0.01,150
377,43.504986447704084,45.331550973360656,Glam_dnn_MULTI_0.01_0.2_150_2,16.419612884521484,13.121702194213867,24-12-6,0.2,0.01,150
378,45.134331154336735,47.25849689421106,Glam_dnn_MULTI_0.01_0.2_150_3,16.198299407958984,12.159486770629883,24-12-6,0.2,0.01,150
379,45.27297512755102,48.13334080430328,Glam_dnn_MULTI_0.01_0.2_150_4,15.750080108642578,11.337789535522461,24-12-6,0.2,0.01,150
380,44.42333386479592,45.457615586577866,Glam_dnn_MULTI_0.01_0.2_150_5,16.585893630981445,10.796164512634277,24-12-6,0.2,0.01,150
381,45.55727838010204,47.92520491803279,Glam_dnn_MULTI_0.01_0.2_150_6,15.674165725708008,12.115002632141113,24-12-6,0.2,0.01,150
382,44.498166454081634,45.51789030481557,Glam_dnn_MULTI_0.01_0.2_150_7,15.71224594116211,11.026013374328613,24-12-6,0.2,0.01,150
383,46.892219387755105,49.06395283683402,Glam_dnn_MULTI_0.01_0.2_150_8,15.554110527038574,11.991081237792969,24-12-6,0.2,0.01,150
384,42.84975286989796,45.324586962090166,Glam_dnn_MULTI_0.01_0.2_150_9,15.75478458404541,11.535551071166992,24-12-6,0.2,0.01,150
385,45.378579400510205,46.33400838883197,Glam_dnn_MULTI_0.01_0.2_150_10,16.53377342224121,11.007027626037598,24-12-6,0.2,0.01,150
386,43.875996492346935,46.71843782018443,Glam_dnn_MULTI_0.01_0.2_150_11,16.89446258544922,11.361861228942871,24-12-6,0.2,0.01,150
387,48.91948341836735,49.85466828893443,Glam_dnn_MULTI_0.01_0.2_150_12,16.035919189453125,12.970096588134766,24-12-6,0.2,0.01,150
388,45.345675223214286,48.26369188652664,Glam_dnn_MULTI_0.01_0.2_150_13,17.1998348236084,12.41368579864502,24-12-6,0.2,0.01,150
389,45.247504783163265,48.986083984375,Glam_dnn_MULTI_0.01_0.2_150_14,17.64566421508789,11.690276145935059,24-12-6,0.2,0.01,150
390,46.84500159438775,48.74451283939549,Glam_dnn_MULTI_0.01_0.2_150_15,15.163924217224121,12.024062156677246,24-12-6,0.2,0.01,150
391,44.60073341836735,46.93768010373975,Glam_dnn_MULTI_0.01_0.2_150_16,16.186220169067383,11.407076835632324,24-12-6,0.2,0.01,150
392,45.32542649872449,46.2013159579918,Glam_dnn_MULTI_0.01_0.2_150_17,16.978805541992188,11.207962989807129,24-12-6,0.2,0.01,150
393,44.21562898596939,47.64570392546106,Glam_dnn_MULTI_0.01_0.2_150_18,15.895017623901367,11.421531677246094,24-12-6,0.2,0.01,150
394,45.25053411989796,46.077116419057376,Glam_dnn_MULTI_0.01_0.2_150_19,16.974592208862305,11.058327674865723,24-12-6,0.2,0.01,150
395,44.37912149234694,46.69501632940574,Glam_dnn_MULTI_0.01_0.2_150_20,14.967763900756836,10.966361045837402,24-12-6,0.2,0.01,150
396,46.0008131377551,49.18705974641394,Glam_dnn_MULTI_0.01_0.2_150_21,16.89531898498535,11.765445709228516,24-12-6,0.2,0.01,150
397,45.04387755102041,47.15842325179303,Glam_dnn_MULTI_0.01_0.2_150_22,16.448789596557617,11.601611137390137,24-12-6,0.2,0.01,150
398,42.58154496173469,44.55756515753074,Glam_dnn_MULTI_0.01_0.2_150_23,17.581838607788086,11.995466232299805,24-12-6,0.2,0.01,150
399,43.49779974489796,44.49662205430328,Glam_dnn_MULTI_0.01_0.2_150_24,17.2631778717041,11.723302841186523,24-12-6,0.2,0.01,150
400,42.302830038265306,45.05782130507172,Glam_dnn_MULTI_0.01_0.2_100_0,16.54759407043457,12.598403930664062,24-12-6,0.2,0.01,100
401,44.940601084183676,47.31515753073771,Glam_dnn_MULTI_0.01_0.2_100_1,15.311837196350098,11.705587387084961,24-12-6,0.2,0.01,100
402,46.897433035714286,49.251957127305324,Glam_dnn_MULTI_0.01_0.2_100_2,16.301090240478516,12.085891723632812,24-12-6,0.2,0.01,100
403,44.47986686862245,46.809950531506146,Glam_dnn_MULTI_0.01_0.2_100_3,17.396100997924805,11.541451454162598,24-12-6,0.2,0.01,100
404,46.165226403061226,48.42386414574795,Glam_dnn_MULTI_0.01_0.2_100_4,15.424882888793945,12.419891357421875,24-12-6,0.2,0.01,100
405,45.4708346619898,48.281938396516395,Glam_dnn_MULTI_0.01_0.2_100_5,17.145532608032227,13.0730562210083,24-12-6,0.2,0.01,100
406,46.8359693877551,49.622270427766395,Glam_dnn_MULTI_0.01_0.2_100_6,17.075876235961914,12.409530639648438,24-12-6,0.2,0.01,100
407,44.638998724489795,46.86104396132172,Glam_dnn_MULTI_0.01_0.2_100_7,16.87417984008789,12.25520133972168,24-12-6,0.2,0.01,100
408,43.32613201530612,45.40702244492828,Glam_dnn_MULTI_0.01_0.2_100_8,17.410743713378906,13.810686111450195,24-12-6,0.2,0.01,100
409,47.65413743622449,50.52804815573771,Glam_dnn_MULTI_0.01_0.2_100_9,16.092058181762695,12.921257972717285,24-12-6,0.2,0.01,100
410,44.830528539540815,47.04132780481557,Glam_dnn_MULTI_0.01_0.2_100_10,16.521202087402344,12.350090026855469,24-12-6,0.2,0.01,100
411,45.70854591836735,48.35914286629098,Glam_dnn_MULTI_0.01_0.2_100_11,16.759126663208008,13.431306838989258,24-12-6,0.2,0.01,100
412,46.44809470663265,49.38883596951844,Glam_dnn_MULTI_0.01_0.2_100_12,16.31375503540039,12.838203430175781,24-12-6,0.2,0.01,100
413,47.448537149234696,50.086669921875,Glam_dnn_MULTI_0.01_0.2_100_13,15.781554222106934,11.735050201416016,24-12-6,0.2,0.01,100
414,44.7030931122449,45.67608142289959,Glam_dnn_MULTI_0.01_0.2_100_14,15.988042831420898,11.845746994018555,24-12-6,0.2,0.01,100
415,44.66850286989796,47.58822681864754,Glam_dnn_MULTI_0.01_0.2_100_15,17.1236515045166,12.887125015258789,24-12-6,0.2,0.01,100
416,45.69502551020408,47.92535300332992,Glam_dnn_MULTI_0.01_0.2_100_16,17.426116943359375,12.948114395141602,24-12-6,0.2,0.01,100
417,45.81899713010204,49.09146468365779,Glam_dnn_MULTI_0.01_0.2_100_17,15.668931007385254,12.44972038269043,24-12-6,0.2,0.01,100
418,44.777439413265306,47.687299884733605,Glam_dnn_MULTI_0.01_0.2_100_18,16.790102005004883,12.418830871582031,24-12-6,0.2,0.01,100
419,42.77993463010204,45.98302222079918,Glam_dnn_MULTI_0.01_0.2_100_19,16.415781021118164,12.66191291809082,24-12-6,0.2,0.01,100
420,44.46453683035714,46.80260630122951,Glam_dnn_MULTI_0.01_0.2_100_20,16.225109100341797,13.133543968200684,24-12-6,0.2,0.01,100
421,46.026646205357146,47.241138896004095,Glam_dnn_MULTI_0.01_0.2_100_21,15.68603801727295,12.58046817779541,24-12-6,0.2,0.01,100
422,46.219854113520405,49.58343205686475,Glam_dnn_MULTI_0.01_0.2_100_22,17.751338958740234,11.646267890930176,24-12-6,0.2,0.01,100
423,45.23235411352041,46.736924468493854,Glam_dnn_MULTI_0.01_0.2_100_23,15.689504623413086,11.452921867370605,24-12-6,0.2,0.01,100
424,45.97858338647959,48.701215900358605,Glam_dnn_MULTI_0.01_0.2_100_24,17.954504013061523,12.158764839172363,24-12-6,0.2,0.01,100
425,44.792426658163265,47.473740874743854,Glam_dnn_MULTI_0.001_0.2_300_0,11.800981521606445,12.94314956665039,32-16-8,0.2,0.001,300
426,45.921101721938776,47.232053662909834,Glam_dnn_MULTI_0.001_0.2_300_1,11.83466911315918,13.335625648498535,32-16-8,0.2,0.001,300
427,45.17074298469388,46.658275166495905,Glam_dnn_MULTI_0.001_0.2_300_10,12.241961479187012,13.234864234924316,32-16-8,0.2,0.001,300
428,44.25704320790816,45.65510534067623,Glam_dnn_MULTI_0.001_0.2_300_11,12.868606567382812,12.996252059936523,32-16-8,0.2,0.001,300
429,45.25699139030612,47.446785348360656,Glam_dnn_MULTI_0.001_0.2_300_12,12.615195274353027,12.813519477844238,32-16-8,0.2,0.001,300
430,44.85182955994898,46.592625352202866,Glam_dnn_MULTI_0.001_0.2_300_13,12.767578125,12.849058151245117,32-16-8,0.2,0.001,300
431,45.03178411989796,45.91456278816598,Glam_dnn_MULTI_0.001_0.2_300_14,13.284902572631836,13.118474960327148,32-16-8,0.2,0.001,300
432,43.700837053571426,45.58811075179303,Glam_dnn_MULTI_0.001_0.2_300_15,12.681004524230957,13.4337797164917,32-16-8,0.2,0.001,300
433,44.57084661989796,46.12396740522541,Glam_dnn_MULTI_0.001_0.2_300_16,12.842891693115234,12.988551139831543,32-16-8,0.2,0.001,300
434,44.934849330357146,46.71475569928279,Glam_dnn_MULTI_0.001_0.2_300_17,12.924589157104492,13.114727973937988,32-16-8,0.2,0.001,300
435,44.812810905612245,46.51609727202869,Glam_dnn_MULTI_0.001_0.2_300_18,12.258451461791992,12.566340446472168,32-16-8,0.2,0.001,300
436,45.55506218112245,46.74821497182377,Glam_dnn_MULTI_0.001_0.2_300_19,12.299274444580078,13.161867141723633,32-16-8,0.2,0.001,300
437,45.22708067602041,46.821048924180324,Glam_dnn_MULTI_0.001_0.2_300_2,12.388559341430664,13.76689624786377,32-16-8,0.2,0.001,300
438,43.96946348852041,45.44469614497951,Glam_dnn_MULTI_0.001_0.2_300_20,11.937292098999023,12.982732772827148,32-16-8,0.2,0.001,300
439,45.41788105867347,46.750980564805324,Glam_dnn_MULTI_0.001_0.2_300_21,12.29917049407959,12.813647270202637,32-16-8,0.2,0.001,300
440,45.3101243622449,46.44815413678279,Glam_dnn_MULTI_0.001_0.2_300_22,12.979119300842285,13.348045349121094,32-16-8,0.2,0.001,300
441,44.19701450892857,45.60336353739754,Glam_dnn_MULTI_0.001_0.2_300_23,12.927602767944336,13.862544059753418,32-16-8,0.2,0.001,300
442,45.0594068877551,46.19211465804303,Glam_dnn_MULTI_0.001_0.2_300_24,12.240686416625977,12.578876495361328,32-16-8,0.2,0.001,300
443,44.12247688137755,46.075319383965166,Glam_dnn_MULTI_0.001_0.2_300_3,12.058109283447266,12.872840881347656,32-16-8,0.2,0.001,300
444,44.880755739795916,46.265785092213115,Glam_dnn_MULTI_0.001_0.2_300_4,12.395615577697754,13.299589157104492,32-16-8,0.2,0.001,300
445,44.66354432397959,46.32491114882172,Glam_dnn_MULTI_0.001_0.2_300_5,12.250118255615234,12.378936767578125,32-16-8,0.2,0.001,300
446,44.29709821428571,46.06583792264344,Glam_dnn_MULTI_0.001_0.2_300_6,12.679991722106934,13.708799362182617,32-16-8,0.2,0.001,300
447,44.890668845663264,45.821809362192624,Glam_dnn_MULTI_0.001_0.2_300_7,12.880748748779297,12.719606399536133,32-16-8,0.2,0.001,300
448,45.95704719387755,47.94949891137295,Glam_dnn_MULTI_0.001_0.2_300_8,12.649137496948242,13.096903800964355,32-16-8,0.2,0.001,300
449,44.5559550382653,45.75357405865779,Glam_dnn_MULTI_0.001_0.2_300_9,12.860796928405762,13.972925186157227,32-16-8,0.2,0.001,300
450,47.81063456632653,45.530757716444676,Glam_dnn_MULTI_0.01_0.2_300_0,10.99615478515625,8.9883394241333,32-16-8,0.2,0.01,300
451,46.71736288265306,46.021284259733605,Glam_dnn_MULTI_0.01_0.2_300_1,10.387545585632324,9.904704093933105,32-16-8,0.2,0.01,300
452,47.9041334502551,47.63899606173156,Glam_dnn_MULTI_0.01_0.2_300_10,10.936715126037598,9.42551040649414,32-16-8,0.2,0.01,300
453,44.5273118622449,44.86334528688525,Glam_dnn_MULTI_0.01_0.2_300_11,13.798822402954102,12.42831039428711,32-16-8,0.2,0.01,300
454,45.251658163265304,45.914466732838115,Glam_dnn_MULTI_0.01_0.2_300_12,11.119392395019531,10.566679000854492,32-16-8,0.2,0.01,300
455,45.65880102040816,45.22928806992828,Glam_dnn_MULTI_0.01_0.2_300_13,11.932905197143555,10.778077125549316,32-16-8,0.2,0.01,300
456,47.06258769132653,45.92537301485656,Glam_dnn_MULTI_0.01_0.2_300_14,11.54824447631836,9.28053092956543,32-16-8,0.2,0.01,300
457,46.33899075255102,44.7188500576332,Glam_dnn_MULTI_0.01_0.2_300_15,11.178450584411621,8.010117530822754,32-16-8,0.2,0.01,300
458,46.69481026785714,47.75614353867828,Glam_dnn_MULTI_0.01_0.2_300_16,10.548355102539062,10.606661796569824,32-16-8,0.2,0.01,300
459,45.75157445790816,44.30225810066598,Glam_dnn_MULTI_0.01_0.2_300_17,11.921759605407715,9.755770683288574,32-16-8,0.2,0.01,300
460,45.81408641581633,43.71580430327869,Glam_dnn_MULTI_0.01_0.2_300_18,11.419295310974121,10.898211479187012,32-16-8,0.2,0.01,300
461,46.77191087372449,45.87849401255123,Glam_dnn_MULTI_0.01_0.2_300_19,10.2427396774292,10.823152542114258,32-16-8,0.2,0.01,300
462,48.04905133928571,46.851646548411885,Glam_dnn_MULTI_0.01_0.2_300_2,9.924134254455566,9.038671493530273,32-16-8,0.2,0.01,300
463,47.46784518494898,45.41791271772541,Glam_dnn_MULTI_0.01_0.2_300_20,11.8667573928833,9.424017906188965,32-16-8,0.2,0.01,300
464,43.64233099489796,43.62656890368852,Glam_dnn_MULTI_0.01_0.2_300_21,11.494315147399902,9.77076244354248,32-16-8,0.2,0.01,300
465,45.216254783163265,42.89130939421106,Glam_dnn_MULTI_0.01_0.2_300_22,11.588613510131836,9.215628623962402,32-16-8,0.2,0.01,300
466,45.76802455357143,45.39740890753074,Glam_dnn_MULTI_0.01_0.2_300_23,10.132353782653809,8.729911804199219,32-16-8,0.2,0.01,300
467,45.68702965561224,44.90961994108606,Glam_dnn_MULTI_0.01_0.2_300_24,11.748897552490234,9.502471923828125,32-16-8,0.2,0.01,300
468,46.04722177933674,43.1680688076332,Glam_dnn_MULTI_0.01_0.2_300_3,11.256278038024902,9.765355110168457,32-16-8,0.2,0.01,300
469,47.58682637117347,46.37498399077869,Glam_dnn_MULTI_0.01_0.2_300_4,12.008316040039062,10.696294784545898,32-16-8,0.2,0.01,300
470,45.45230787627551,43.602663133965166,Glam_dnn_MULTI_0.01_0.2_300_5,11.391782760620117,9.17764663696289,32-16-8,0.2,0.01,300
471,47.62154017857143,45.104588242827866,Glam_dnn_MULTI_0.01_0.2_300_6,10.431456565856934,10.08582878112793,32-16-8,0.2,0.01,300
472,46.68926977040816,44.74654601050205,Glam_dnn_MULTI_0.01_0.2_300_7,11.176111221313477,9.23313045501709,32-16-8,0.2,0.01,300
473,47.19509725765306,45.62040935578894,Glam_dnn_MULTI_0.01_0.2_300_8,11.113605499267578,8.820990562438965,32-16-8,0.2,0.01,300
474,46.71859853316327,44.34280945824795,Glam_dnn_MULTI_0.01_0.2_300_9,10.959080696105957,8.932025909423828,32-16-8,0.2,0.01,300
475,44.400470344387756,42.460585297131146,Glam_dnn_MULTI_0.1_0.2_300_0,12.153416633605957,9.921720504760742,32-16-8,0.2,0.1,300
476,53.17894212372449,49.740842725409834,Glam_dnn_MULTI_0.1_0.2_300_1,14.573902130126953,11.238845825195312,32-16-8,0.2,0.1,300
477,42.649433992346935,39.33577340548156,Glam_dnn_MULTI_0.1_0.2_300_10,13.83095932006836,10.996341705322266,32-16-8,0.2,0.1,300
478,43.10843431122449,42.367771836577866,Glam_dnn_MULTI_0.1_0.2_300_11,11.922505378723145,10.33080005645752,32-16-8,0.2,0.1,300
479,41.625741390306125,42.429655481557376,Glam_dnn_MULTI_0.1_0.2_300_12,11.469544410705566,11.793596267700195,32-16-8,0.2,0.1,300
480,46.28936543367347,45.68547083119877,Glam_dnn_MULTI_0.1_0.2_300_13,11.6163330078125,10.104206085205078,32-16-8,0.2,0.1,300
481,47.39633689413265,44.50618356173156,Glam_dnn_MULTI_0.1_0.2_300_14,12.577342987060547,9.374602317810059,32-16-8,0.2,0.1,300
482,50.660682397959185,48.81336449795082,Glam_dnn_MULTI_0.1_0.2_300_15,11.793763160705566,9.893362998962402,32-16-8,0.2,0.1,300
483,52.481648596938776,50.252025166495905,Glam_dnn_MULTI_0.1_0.2_300_16,12.506686210632324,11.936053276062012,32-16-8,0.2,0.1,300
484,40.60291772959184,40.263023501536885,Glam_dnn_MULTI_0.1_0.2_300_17,13.710761070251465,11.74770450592041,32-16-8,0.2,0.1,300
485,53.21502311862245,52.7784643954918,Glam_dnn_MULTI_0.1_0.2_300_18,14.384788513183594,11.548786163330078,32-16-8,0.2,0.1,300
486,41.008131377551024,39.722804335297134,Glam_dnn_MULTI_0.1_0.2_300_19,13.996512413024902,11.513312339782715,32-16-8,0.2,0.1,300
487,42.750211256377554,40.45292888703894,Glam_dnn_MULTI_0.1_0.2_300_2,13.858283996582031,10.737566947937012,32-16-8,0.2,0.1,300
488,44.452252072704084,43.03984294953894,Glam_dnn_MULTI_0.1_0.2_300_20,11.26474380493164,9.172808647155762,32-16-8,0.2,0.1,300
489,56.30904017857143,54.60407995005123,Glam_dnn_MULTI_0.1_0.2_300_21,12.951741218566895,12.29106330871582,32-16-8,0.2,0.1,300
490,55.623788265306125,56.94280305455943,Glam_dnn_MULTI_0.1_0.2_300_22,12.86398983001709,12.861350059509277,32-16-8,0.2,0.1,300
491,45.91055484693877,45.11856029072746,Glam_dnn_MULTI_0.1_0.2_300_23,10.000236511230469,9.542372703552246,32-16-8,0.2,0.1,300
492,39.03837292729592,39.03351530481557,Glam_dnn_MULTI_0.1_0.2_300_24,12.755322456359863,12.799844741821289,32-16-8,0.2,0.1,300
493,38.207389987244895,38.8419409579918,Glam_dnn_MULTI_0.1_0.2_300_3,15.667896270751953,13.894932746887207,32-16-8,0.2,0.1,300
494,48.293949298469386,46.40010646132172,Glam_dnn_MULTI_0.1_0.2_300_4,11.124715805053711,9.275507926940918,32-16-8,0.2,0.1,300
495,43.37154017857143,40.43190477715164,Glam_dnn_MULTI_0.1_0.2_300_5,12.587030410766602,11.139951705932617,32-16-8,0.2,0.1,300
496,47.088823341836736,44.93486648309426,Glam_dnn_MULTI_0.1_0.2_300_6,11.318303108215332,9.66469955444336,32-16-8,0.2,0.1,300
497,43.19547193877551,41.78989898181352,Glam_dnn_MULTI_0.1_0.2_300_7,12.728421211242676,9.907240867614746,32-16-8,0.2,0.1,300
498,52.412842793367346,52.589399494108605,Glam_dnn_MULTI_0.1_0.2_300_8,13.174710273742676,9.625773429870605,32-16-8,0.2,0.1,300
499,48.64392139668367,46.943115234375,Glam_dnn_MULTI_0.1_0.2_300_9,11.557273864746094,9.426290512084961,32-16-8,0.2,0.1,300
500,45.058274872448976,47.62624871926229,Glam_dnn_MULTI_0.01_0.2_100_0,16.15713119506836,11.247745513916016,32-16-8,0.2,0.01,100
501,44.725538105867344,45.71367107453894,Glam_dnn_MULTI_0.01_0.2_100_1,15.844708442687988,11.146279335021973,32-16-8,0.2,0.01,100
502,45.446938775510205,47.440885950307376,Glam_dnn_MULTI_0.01_0.2_100_2,16.959228515625,12.157187461853027,32-16-8,0.2,0.01,100
503,45.72590082908163,47.65155129354508,Glam_dnn_MULTI_0.01_0.2_100_3,15.412856101989746,11.445716857910156,32-16-8,0.2,0.01,100
504,44.64591836734694,45.6686011142418,Glam_dnn_MULTI_0.01_0.2_100_4,15.093077659606934,11.583659172058105,32-16-8,0.2,0.01,100
505,45.98288424744898,47.64461129610656,Glam_dnn_MULTI_0.01_0.2_100_5,16.69417381286621,11.0363187789917,32-16-8,0.2,0.01,100
506,44.726841517857146,47.36545850409836,Glam_dnn_MULTI_0.01_0.2_100_6,16.164134979248047,12.213045120239258,32-16-8,0.2,0.01,100
507,43.53322704081633,46.708011814805324,Glam_dnn_MULTI_0.01_0.2_100_7,17.274337768554688,12.37734317779541,32-16-8,0.2,0.01,100
508,44.4010762117347,47.37397140753074,Glam_dnn_MULTI_0.01_0.2_100_8,17.35575294494629,11.249895095825195,32-16-8,0.2,0.01,100
509,47.16216517857143,48.975722015881146,Glam_dnn_MULTI_0.01_0.2_100_9,15.474794387817383,11.674468994140625,32-16-8,0.2,0.01,100
510,45.00166613520408,47.241335008965166,Glam_dnn_MULTI_0.01_0.2_100_10,15.894624710083008,13.039021492004395,32-16-8,0.2,0.01,100
511,43.39442362882653,46.24928358734631,Glam_dnn_MULTI_0.01_0.2_100_11,16.930461883544922,13.152939796447754,32-16-8,0.2,0.01,100
512,46.64024234693878,50.18573498335041,Glam_dnn_MULTI_0.01_0.2_100_12,17.008060455322266,13.195743560791016,32-16-8,0.2,0.01,100
513,46.08699776785714,48.428666912141395,Glam_dnn_MULTI_0.01_0.2_100_13,14.928153038024902,11.770764350891113,32-16-8,0.2,0.01,100
514,46.77756696428571,49.25872102330943,Glam_dnn_MULTI_0.01_0.2_100_14,16.540969848632812,11.237791061401367,32-16-8,0.2,0.01,100
515,47.234239477040816,49.26211898053279,Glam_dnn_MULTI_0.01_0.2_100_15,17.309202194213867,11.609498977661133,32-16-8,0.2,0.01,100
516,44.33306760204081,47.196257044057376,Glam_dnn_MULTI_0.01_0.2_100_16,16.8377628326416,13.118420600891113,32-16-8,0.2,0.01,100
517,44.79815051020408,47.61491018826844,Glam_dnn_MULTI_0.01_0.2_100_17,16.845399856567383,12.595256805419922,32-16-8,0.2,0.01,100
518,47.578045280612244,50.784623943391395,Glam_dnn_MULTI_0.01_0.2_100_18,16.75643539428711,12.980066299438477,32-16-8,0.2,0.01,100
519,44.500805165816324,46.26720591060451,Glam_dnn_MULTI_0.01_0.2_100_19,16.737546920776367,11.366042137145996,32-16-8,0.2,0.01,100
520,44.052144451530616,45.95010325947746,Glam_dnn_MULTI_0.01_0.2_100_20,16.08671760559082,12.4639253616333,32-16-8,0.2,0.01,100
521,45.46965880102041,46.85739786116803,Glam_dnn_MULTI_0.01_0.2_100_21,15.301909446716309,11.467639923095703,32-16-8,0.2,0.01,100
522,43.52058354591837,45.82356237192623,Glam_dnn_MULTI_0.01_0.2_100_22,15.027571678161621,12.783376693725586,32-16-8,0.2,0.01,100
523,42.90520169005102,44.28182633196721,Glam_dnn_MULTI_0.01_0.2_100_23,16.47115135192871,12.14814567565918,32-16-8,0.2,0.01,100
524,43.741147161989794,45.892093846055324,Glam_dnn_MULTI_0.01_0.2_100_24,15.405409812927246,12.18421745300293,32-16-8,0.2,0.01,100
525,45.69364636479592,47.79519403176229,Glam_dnn_MULTI_0.01_0.2_150_0,16.80101203918457,10.141182899475098,32-16-8,0.2,0.01,150
526,42.880078125,44.13731909579918,Glam_dnn_MULTI_0.01_0.2_150_1,16.737272262573242,10.818193435668945,32-16-8,0.2,0.01,150
527,44.28890306122449,46.67302766393443,Glam_dnn_MULTI_0.01_0.2_150_2,15.967058181762695,10.554167747497559,32-16-8,0.2,0.01,150
528,46.43207908163265,47.39925797259221,Glam_dnn_MULTI_0.01_0.2_150_3,15.25499153137207,10.844417572021484,32-16-8,0.2,0.01,150
529,44.71578443877551,47.37120981685451,Glam_dnn_MULTI_0.01_0.2_150_4,17.301393508911133,11.650482177734375,32-16-8,0.2,0.01,150
530,46.21951929209184,47.912809778432376,Glam_dnn_MULTI_0.01_0.2_150_5,15.878308296203613,10.219670295715332,32-16-8,0.2,0.01,150
531,43.309566326530614,45.11336129610656,Glam_dnn_MULTI_0.01_0.2_150_6,16.253320693969727,11.380130767822266,32-16-8,0.2,0.01,150
532,44.16143973214286,44.54892017802254,Glam_dnn_MULTI_0.01_0.2_150_7,16.06635284423828,10.28797435760498,32-16-8,0.2,0.01,150
533,46.621045918367344,47.51911100794057,Glam_dnn_MULTI_0.01_0.2_150_8,14.872284889221191,10.354732513427734,32-16-8,0.2,0.01,150
534,46.36003667091837,47.808753842213115,Glam_dnn_MULTI_0.01_0.2_150_9,15.856877326965332,10.996667861938477,32-16-8,0.2,0.01,150
535,42.99887595663265,42.53955078125,Glam_dnn_MULTI_0.01_0.2_150_10,16.279382705688477,10.324856758117676,32-16-8,0.2,0.01,150
536,44.07228954081633,44.816990586577866,Glam_dnn_MULTI_0.01_0.2_150_11,16.476097106933594,10.714481353759766,32-16-8,0.2,0.01,150
537,44.97302295918367,46.66439469134221,Glam_dnn_MULTI_0.01_0.2_150_12,16.255338668823242,10.91500186920166,32-16-8,0.2,0.01,150
538,46.3361009247449,47.883088659067624,Glam_dnn_MULTI_0.01_0.2_150_13,15.145500183105469,10.135884284973145,32-16-8,0.2,0.01,150
539,45.42810108418367,48.71527599897541,Glam_dnn_MULTI_0.01_0.2_150_14,17.435535430908203,11.467817306518555,32-16-8,0.2,0.01,150
540,45.98135762117347,46.00002401383197,Glam_dnn_MULTI_0.01_0.2_150_15,16.371021270751953,10.742337226867676,32-16-8,0.2,0.01,150
541,44.54815848214286,45.84906506147541,Glam_dnn_MULTI_0.01_0.2_150_16,16.33287811279297,11.715405464172363,32-16-8,0.2,0.01,150
542,43.99341517857143,45.1844262295082,Glam_dnn_MULTI_0.01_0.2_150_17,15.395265579223633,12.167253494262695,32-16-8,0.2,0.01,150
543,46.72625558035714,47.81892770235656,Glam_dnn_MULTI_0.01_0.2_150_18,16.766508102416992,10.752375602722168,32-16-8,0.2,0.01,150
544,45.43701371173469,46.281494140625,Glam_dnn_MULTI_0.01_0.2_150_19,16.723758697509766,10.622852325439453,32-16-8,0.2,0.01,150
545,44.276833545918365,45.144935482838115,Glam_dnn_MULTI_0.01_0.2_150_20,15.714093208312988,10.364265441894531,32-16-8,0.2,0.01,150
546,45.664903539540816,44.63314869364754,Glam_dnn_MULTI_0.01_0.2_150_21,16.64645004272461,9.991449356079102,32-16-8,0.2,0.01,150
547,41.55323262117347,44.01389600409836,Glam_dnn_MULTI_0.01_0.2_150_22,16.610546112060547,11.873688697814941,32-16-8,0.2,0.01,150
548,45.40110411352041,46.39202180455943,Glam_dnn_MULTI_0.01_0.2_150_23,16.407991409301758,10.916990280151367,32-16-8,0.2,0.01,150
549,41.458856823979595,42.55423523949795,Glam_dnn_MULTI_0.01_0.2_150_24,17.910797119140625,12.391263961791992,32-16-8,0.2,0.01,150
550,44.62327008928571,44.32923363857582,Glam_dnn_MULTI_0.001_0.2_300_0,15.080912590026855,15.715339660644531,8-4,0.2,0.001,300
551,45.51023596938776,44.30290247182377,Glam_dnn_MULTI_0.001_0.2_300_1,14.931034088134766,16.26807975769043,8-4,0.2,0.001,300
552,45.20703125,45.10129034323771,Glam_dnn_MULTI_0.001_0.2_300_10,14.502527236938477,15.523719787597656,8-4,0.2,0.001,300
553,44.48545918367347,44.67858286372951,Glam_dnn_MULTI_0.001_0.2_300_11,13.955275535583496,15.223414421081543,8-4,0.2,0.001,300
554,44.025271045918366,43.94622902792008,Glam_dnn_MULTI_0.001_0.2_300_12,14.974449157714844,15.148709297180176,8-4,0.2,0.001,300
555,43.706281887755104,44.61690333632172,Glam_dnn_MULTI_0.001_0.2_300_13,14.314453125,14.93642520904541,8-4,0.2,0.001,300
556,43.822807716836735,43.24636590676229,Glam_dnn_MULTI_0.001_0.2_300_14,15.256021499633789,14.905252456665039,8-4,0.2,0.001,300
557,44.82348134566327,45.44068583504098,Glam_dnn_MULTI_0.001_0.2_300_15,13.041986465454102,14.496064186096191,8-4,0.2,0.001,300
558,45.56080197704082,46.081062692110656,Glam_dnn_MULTI_0.001_0.2_300_16,13.935450553894043,14.74278450012207,8-4,0.2,0.001,300
559,44.09391741071428,44.2371606045082,Glam_dnn_MULTI_0.001_0.2_300_17,14.915663719177246,15.414789199829102,8-4,0.2,0.001,300
560,44.14708227040816,44.32738057120902,Glam_dnn_MULTI_0.001_0.2_300_18,14.523673057556152,15.154170036315918,8-4,0.2,0.001,300
561,45.43661112882653,44.561283299180324,Glam_dnn_MULTI_0.001_0.2_300_19,14.71476936340332,16.08852767944336,8-4,0.2,0.001,300
562,44.32751913265306,44.917232325819676,Glam_dnn_MULTI_0.001_0.2_300_2,14.3096342086792,14.95656967163086,8-4,0.2,0.001,300
563,43.70498644770408,43.81213979252049,Glam_dnn_MULTI_0.001_0.2_300_20,14.469210624694824,15.217633247375488,8-4,0.2,0.001,300
564,45.71026785714286,46.71840179943648,Glam_dnn_MULTI_0.001_0.2_300_21,13.36471939086914,15.138930320739746,8-4,0.2,0.001,300
565,44.754946588010206,45.156490138319676,Glam_dnn_MULTI_0.001_0.2_300_22,14.328319549560547,15.231144905090332,8-4,0.2,0.001,300
566,44.68213488520408,44.18167664574795,Glam_dnn_MULTI_0.001_0.2_300_23,14.6976318359375,15.418510437011719,8-4,0.2,0.001,300
567,44.43780293367347,44.49997998847336,Glam_dnn_MULTI_0.001_0.2_300_24,14.52907657623291,15.294795036315918,8-4,0.2,0.001,300
568,44.457051179846935,44.11317719006148,Glam_dnn_MULTI_0.001_0.2_300_3,14.761382102966309,15.265222549438477,8-4,0.2,0.001,300
569,45.03681042729592,44.101082223360656,Glam_dnn_MULTI_0.001_0.2_300_4,15.101910591125488,15.884349822998047,8-4,0.2,0.001,300
570,45.14105548469388,45.350862096567624,Glam_dnn_MULTI_0.001_0.2_300_5,13.91646957397461,15.75628662109375,8-4,0.2,0.001,300
571,43.613500478316325,44.3014136142418,Glam_dnn_MULTI_0.001_0.2_300_6,14.382723808288574,15.00141429901123,8-4,0.2,0.001,300
572,2.0999045858577805,2.098668332959785,Glam_dnn_MULTI_0.001_0.2_300_7,46.45871353149414,46.25111770629883,8-4,0.2,0.001,300
573,45.607948022959185,45.190549756659834,Glam_dnn_MULTI_0.001_0.2_300_8,14.33085823059082,15.070874214172363,8-4,0.2,0.001,300
574,44.05863360969388,44.997322457735656,Glam_dnn_MULTI_0.001_0.2_300_9,14.301315307617188,15.307721138000488,8-4,0.2,0.001,300
575,46.34183274872449,47.32107293801229,Glam_dnn_MULTI_0.01_0.2_300_0,11.686721801757812,14.006906509399414,8-4,0.2,0.01,300
576,46.58901466836735,47.41181320440574,Glam_dnn_MULTI_0.01_0.2_300_1,13.204087257385254,13.070035934448242,8-4,0.2,0.01,300
577,44.38258131377551,46.16682409067623,Glam_dnn_MULTI_0.01_0.2_300_10,11.881417274475098,13.119332313537598,8-4,0.2,0.01,300
578,47.853643176020405,48.788822361680324,Glam_dnn_MULTI_0.01_0.2_300_11,12.879111289978027,14.21936321258545,8-4,0.2,0.01,300
579,44.990561224489795,46.280601626536885,Glam_dnn_MULTI_0.01_0.2_300_12,13.072668075561523,13.831361770629883,8-4,0.2,0.01,300
580,46.45968590561225,47.66665999615779,Glam_dnn_MULTI_0.01_0.2_300_13,13.03918743133545,13.942266464233398,8-4,0.2,0.01,300
581,44.84002710459184,46.03895043545082,Glam_dnn_MULTI_0.01_0.2_300_14,13.24117660522461,13.992178916931152,8-4,0.2,0.01,300
582,44.3081712372449,45.51654152792008,Glam_dnn_MULTI_0.01_0.2_300_15,12.804200172424316,14.006085395812988,8-4,0.2,0.01,300
583,45.9224290497449,47.509529488985656,Glam_dnn_MULTI_0.01_0.2_300_16,12.211812973022461,14.266680717468262,8-4,0.2,0.01,300
584,46.87669005102041,48.03609679175205,Glam_dnn_MULTI_0.01_0.2_300_17,12.592911720275879,14.184855461120605,8-4,0.2,0.01,300
585,44.224481823979595,45.798952196465166,Glam_dnn_MULTI_0.01_0.2_300_18,13.125852584838867,13.298070907592773,8-4,0.2,0.01,300
586,44.3895169005102,47.50413838370902,Glam_dnn_MULTI_0.01_0.2_300_19,11.000321388244629,12.737871170043945,8-4,0.2,0.01,300
587,45.61808832908163,46.24212346311475,Glam_dnn_MULTI_0.01_0.2_300_2,12.683602333068848,12.921798706054688,8-4,0.2,0.01,300
588,48.58266103316326,46.82249375640369,Glam_dnn_MULTI_0.01_0.2_300_20,12.154956817626953,12.973852157592773,8-4,0.2,0.01,300
589,42.80060586734694,43.805940221567624,Glam_dnn_MULTI_0.01_0.2_300_21,11.966997146606445,13.903149604797363,8-4,0.2,0.01,300
590,45.95846619897959,46.082759669569676,Glam_dnn_MULTI_0.01_0.2_300_22,12.983134269714355,12.81795597076416,8-4,0.2,0.01,300
591,45.249904336734694,45.866819287909834,Glam_dnn_MULTI_0.01_0.2_300_23,12.699170112609863,12.743741035461426,8-4,0.2,0.01,300
592,45.516621492346935,45.85018570696721,Glam_dnn_MULTI_0.01_0.2_300_24,12.429695129394531,12.721805572509766,8-4,0.2,0.01,300
593,45.51988201530612,46.26558497694672,Glam_dnn_MULTI_0.01_0.2_300_3,12.186477661132812,13.524654388427734,8-4,0.2,0.01,300
594,43.707820471938774,46.24488905609631,Glam_dnn_MULTI_0.01_0.2_300_4,12.056686401367188,13.246161460876465,8-4,0.2,0.01,300
595,44.26499521683674,44.668489049692624,Glam_dnn_MULTI_0.01_0.2_300_5,13.258559226989746,12.73319149017334,8-4,0.2,0.01,300
596,45.64709024234694,46.53776175076844,Glam_dnn_MULTI_0.01_0.2_300_6,12.69470500946045,14.333756446838379,8-4,0.2,0.01,300
597,47.27523118622449,46.83948754482582,Glam_dnn_MULTI_0.01_0.2_300_7,12.6700439453125,13.081134796142578,8-4,0.2,0.01,300
598,20.171845105229593,20.171846983862704,Glam_dnn_MULTI_0.01_0.2_300_8,29.304584503173828,29.53439712524414,8-4,0.2,0.01,300
599,44.648441485969386,46.90866739241803,Glam_dnn_MULTI_0.01_0.2_300_9,12.323752403259277,12.671626091003418,8-4,0.2,0.01,300
600,46.7548828125,45.82374647797131,Glam_dnn_MULTI_0.1_0.2_300_0,12.578354835510254,11.766910552978516,8-4,0.2,0.1,300
601,44.16304607780612,44.163053919057376,Glam_dnn_MULTI_0.1_0.2_300_1,17.17230796813965,20.612911224365234,8-4,0.2,0.1,300
602,44.626163903061226,46.12034932120902,Glam_dnn_MULTI_0.1_0.2_300_10,13.372251510620117,12.847891807556152,8-4,0.2,0.1,300
603,46.00713887117347,48.42482069672131,Glam_dnn_MULTI_0.1_0.2_300_11,13.704549789428711,13.199047088623047,8-4,0.2,0.1,300
604,45.57853156887755,45.02341348616803,Glam_dnn_MULTI_0.1_0.2_300_12,15.207677841186523,14.847923278808594,8-4,0.2,0.1,300
605,46.02970344387755,44.96888207607582,Glam_dnn_MULTI_0.1_0.2_300_13,13.05511474609375,10.731571197509766,8-4,0.2,0.1,300
606,45.88192362882653,44.050336994108605,Glam_dnn_MULTI_0.1_0.2_300_14,12.774707794189453,12.196883201599121,8-4,0.2,0.1,300
607,42.85119977678571,41.47951620133197,Glam_dnn_MULTI_0.1_0.2_300_15,12.989596366882324,12.64784049987793,8-4,0.2,0.1,300
608,45.708195153061226,44.41343413806352,Glam_dnn_MULTI_0.1_0.2_300_16,13.899620056152344,11.18055534362793,8-4,0.2,0.1,300
609,51.65745774872449,48.65130715292008,Glam_dnn_MULTI_0.1_0.2_300_17,12.512441635131836,13.53332233428955,8-4,0.2,0.1,300
610,48.45825892857143,46.45743148053279,Glam_dnn_MULTI_0.1_0.2_300_18,12.691377639770508,13.083367347717285,8-4,0.2,0.1,300
611,44.30368702168367,42.80934618340164,Glam_dnn_MULTI_0.1_0.2_300_19,14.539166450500488,13.109620094299316,8-4,0.2,0.1,300
612,46.30575573979592,44.12222640240779,Glam_dnn_MULTI_0.1_0.2_300_2,12.816500663757324,10.375519752502441,8-4,0.2,0.1,300
613,45.18679846938775,43.69822617827869,Glam_dnn_MULTI_0.1_0.2_300_20,12.713356971740723,11.864806175231934,8-4,0.2,0.1,300
614,46.50301737882653,46.698274205942624,Glam_dnn_MULTI_0.1_0.2_300_21,12.639842987060547,13.08348274230957,8-4,0.2,0.1,300
615,49.32220583545919,46.06588995261271,Glam_dnn_MULTI_0.1_0.2_300_22,13.434069633483887,11.307988166809082,8-4,0.2,0.1,300
616,51.468953284438776,51.78151815445697,Glam_dnn_MULTI_0.1_0.2_300_23,14.880854606628418,14.707664489746094,8-4,0.2,0.1,300
617,44.29425223214286,42.861860431608605,Glam_dnn_MULTI_0.1_0.2_300_24,13.615792274475098,12.839251518249512,8-4,0.2,0.1,300
618,49.04076450892857,47.04042328381148,Glam_dnn_MULTI_0.1_0.2_300_3,12.719795227050781,11.630828857421875,8-4,0.2,0.1,300
619,45.030859375,45.03085377177254,Glam_dnn_MULTI_0.1_0.2_300_4,17.131654739379883,20.61695671081543,8-4,0.2,0.1,300
620,45.76044323979592,44.66746445952869,Glam_dnn_MULTI_0.1_0.2_300_5,13.313202857971191,10.80324935913086,8-4,0.2,0.1,300
621,48.96796875,46.15154729123975,Glam_dnn_MULTI_0.1_0.2_300_6,12.820053100585938,12.446630477905273,8-4,0.2,0.1,300
622,43.894395727040816,42.43806832735656,Glam_dnn_MULTI_0.1_0.2_300_7,14.751463890075684,10.568464279174805,8-4,0.2,0.1,300
623,44.14895567602041,45.06143538678279,Glam_dnn_MULTI_0.1_0.2_300_8,12.61693000793457,12.399731636047363,8-4,0.2,0.1,300
624,46.39145408163265,45.478019339139344,Glam_dnn_MULTI_0.1_0.2_300_9,13.474421501159668,11.279608726501465,8-4,0.2,0.1,300
