,CenLat,CenLon,Slope,Zmin,Zmed,Zmax,Area,Aspect,Lmax,avg predicted thickness,predicted thickness std dev
0,64.8174,-23.7852,15.0,630,922,1419,4.903,336,3412,58.484474,12.217507
1,64.7951,-23.7686,17.7,769,1152,1415,1.897,139,1823,99.590675,20.876883
2,64.7979,-23.8043,22.8,761,1012,1417,0.751,262,1244,83.1959,19.270449
3,64.8036,-23.821,17.8,786,853,911,0.067,262,334,76.66667,20.027163
4,64.8046,-23.7993,16.1,900,1125,1416,0.978,310,1960,76.059586,17.709503
5,64.8003,-23.753,17.3,817,1087,1420,0.912,114,2009,105.28561,21.64168
6,64.8116,-23.7522,15.7,708,1010,1409,2.712,67,2423,105.81607,20.99834
7,65.4045,-18.542,13.6,922,1060,1210,2.166,46,1995,103.6933,19.991484
8,65.6388,-18.3031,19.2,1240,1336,1423,0.448,87,902,102.476715,19.880445
9,65.6495,-18.2939,15.2,1000,1123,1397,1.0,22,1503,113.767654,21.185406
10,65.6563,-18.3097,25.5,1106,1225,1274,0.258,44,406,110.29465,20.816315
11,65.641,-18.3319,20.6,1171,1243,1307,0.052,253,215,79.50282,20.109568
12,65.6436,-18.3225,16.3,1063,1235,1424,0.828,328,1293,72.936554,18.127356
13,65.6683,-18.9709,17.2,948,1120,1182,0.771,342,1316,70.06253,17.252424
14,65.6694,-19.0037,19.3,978,1137,1176,0.469,109,1199,100.92596,20.380667
15,65.6644,-18.3142,23.6,1077,1160,1189,0.077,63,355,106.27456,20.586609
16,65.6725,-18.9196,12.0,1052,1091,1326,3.279,284,2959,60.617046,12.437587
17,65.6796,-18.6833,37.7,1157,1261,1331,0.096,29,305,113.93137,21.05952
18,65.6845,-18.7129,27.1,1166,1206,1278,0.119,18,325,112.82709,21.35609
19,65.6958,-18.7361,19.4,1065,1116,1171,0.229,333,564,69.4765,18.940346
20,65.6965,-18.7501,18.0,1022,1072,1141,0.165,345,491,68.42943,18.746618
21,65.4502,-18.5253,21.8,1080,1134,1207,0.23,42,413,108.25303,20.89288
22,65.8259,-18.4386,21.9,814,948,1086,0.086,360,379,69.920105,18.406977
23,65.6993,-18.7197,23.1,1048,1152,1288,0.113,25,486,114.409645,21.552298
24,65.6839,-18.8748,14.4,942,1153,1378,6.608,14,3133,91.27857,16.563292
25,65.6889,-18.8107,13.2,767,1125,1291,4.776,325,2826,59.695415,11.455781
26,65.6541,-18.8311,13.0,996,1177,1380,5.093,63,1788,86.86063,16.545502
27,65.6535,-18.8658,16.3,961,1208,1322,0.896,298,1014,76.91869,18.47311
28,65.6425,-18.7725,11.8,1028,1184,1277,0.862,349,1267,68.93738,17.424852
29,65.693,-18.7833,16.6,1180,1199,1281,0.062,11,354,113.277,21.783407
30,65.6972,-18.7775,19.9,1032,1118,1176,0.364,48,740,108.067665,20.914133
31,65.7021,-18.7876,22.3,1088,1144,1213,0.146,74,425,103.42001,20.35039
32,65.6385,-18.7411,21.3,1062,1159,1275,0.277,150,678,92.903534,19.577065
33,65.6382,-18.7699,25.6,1087,1213,1280,0.279,179,431,89.20078,19.351973
34,65.6392,-18.7999,22.8,1091,1235,1256,0.167,176,269,90.16726,19.426748
35,65.7055,-18.9181,12.2,939,1125,1298,1.167,42,1938,111.706795,21.249369
36,65.7154,-18.9989,24.3,1001,1085,1199,0.128,334,373,71.257195,19.177877
37,65.7156,-18.6996,12.5,1010,1037,1082,0.101,325,434,69.33064,19.121443
38,65.7174,-19.022,17.4,916,1025,1214,0.822,35,1181,110.35882,21.193098
39,65.7204,-18.9901,24.3,1051,1148,1215,0.164,41,382,110.332825,21.088589
40,65.7119,-18.9644,11.1,872,1071,1299,4.714,6,3067,102.21467,19.03206
41,65.7191,-18.6297,25.1,851,1069,1260,0.11,282,371,81.48853,20.22318
42,65.7117,-18.6567,14.8,672,1019,1272,3.16,17,3121,114.71502,21.588501
43,65.7172,-18.568,15.9,1038,1175,1282,0.87,100,1019,99.53367,19.797655
44,65.7174,-18.6064,14.0,1063,1122,1198,0.15,154,383,90.50955,19.811216
45,65.7239,-18.5984,16.5,940,1066,1304,0.929,315,989,71.33223,17.665283
46,65.8278,-18.492,30.0,1123,1206,1292,0.139,287,318,76.564026,20.144016
47,65.8272,-18.5195,15.0,696,891,1168,1.803,315,2065,68.94822,14.961557
48,65.8254,-18.4794,22.4,1096,1190,1295,0.558,66,1026,105.4892,20.265036
49,65.4701,-18.5328,15.5,1180,1241,1264,0.276,293,562,73.95902,20.261444
50,65.7246,-18.5294,17.9,964,1079,1286,0.349,59,784,108.46001,21.04885
51,65.7246,-18.5532,25.0,1080,1186,1267,0.579,347,825,69.03125,18.11978
52,65.7289,-18.6663,18.1,637,857,1048,0.199,91,573,106.94018,22.0561
53,65.731,-18.7643,30.6,948,1025,1118,0.143,346,408,69.46868,18.50453
54,65.7311,-18.7931,21.6,958,1047,1180,0.768,14,795,112.61995,21.145401
55,65.7372,-18.8129,24.0,974,1027,1074,0.158,66,492,104.398605,20.700907
56,65.7333,-18.5384,21.3,940,1128,1258,0.524,295,887,77.01658,18.928358
57,65.7423,-18.8399,14.0,858,992,1148,0.642,322,1264,71.33897,17.483513
58,65.7403,-18.5704,21.0,876,995,1153,0.354,47,828,110.31103,21.407948
59,65.7455,-18.5902,18.0,986,1130,1348,0.387,45,1125,112.66391,21.37506
60,65.85,-18.9314,20.5,784,970,1104,0.429,3,588,119.32212,22.310226
61,65.8478,-18.9409,19.4,976,1074,1104,0.057,198,266,85.91887,20.178883
62,65.7468,-18.5141,24.0,1001,1094,1206,0.359,48,750,108.9521,20.903925
63,65.4705,-18.5026,22.2,1099,1241,1296,0.766,106,1271,99.77853,19.575884
64,65.7545,-18.5151,24.8,1148,1226,1325,0.096,133,356,95.447784,19.461023
65,65.7596,-18.8512,19.4,880,996,1151,0.852,16,1170,113.576416,21.468454
66,65.7656,-18.5032,10.5,865,1049,1282,2.275,115,3067,96.06115,20.57153
67,65.7716,-18.7193,15.1,784,1025,1297,0.318,306,701,78.95398,19.28278
68,65.7634,-18.7606,22.2,903,1058,1268,1.216,346,899,67.63364,16.671902
69,65.7673,-18.8077,17.2,1012,1113,1328,0.38,36,674,111.59854,21.303917
70,65.7708,-18.7922,16.7,684,946,1297,2.152,40,1818,110.66769,21.140709
71,65.7523,-18.8042,18.2,961,1136,1294,0.522,156,1124,94.52608,20.230528
72,65.7606,-18.7398,27.4,1145,1216,1264,0.053,134,340,94.938835,19.436035
73,65.7611,-18.8189,15.0,907,1081,1322,1.897,309,1761,68.97878,15.514317
74,65.775,-18.6993,17.1,923,1030,1102,0.263,301,519,73.69502,19.111866
75,65.7743,-18.6866,16.9,1144,1194,1258,0.19,253,994,78.48579,20.11027
76,65.774,-18.6829,21.0,1106,1199,1261,0.214,152,555,92.25979,19.45651
77,65.7739,-18.5571,15.5,869,1009,1377,0.684,275,1897,78.91194,18.324364
78,65.778,-18.4698,23.6,985,1099,1192,0.461,9,618,115.6387,21.488346
79,65.4892,-18.3718,16.6,950,1139,1300,0.302,59,731,111.06544,21.180613
80,65.7777,-18.5239,16.0,1112,1233,1362,0.827,348,1191,68.8465,17.78395
81,65.7782,-18.4996,16.7,1144,1201,1291,0.395,7,1043,115.12075,21.542944
82,65.789,-18.9399,24.9,946,1036,1098,0.123,0,430,117.461525,22.0893
83,65.4744,-18.4145,15.7,932,994,1253,0.6,42,1176,109.00583,21.31218
84,65.4771,-18.43,15.5,998,1144,1276,0.577,61,896,107.697624,20.724222
85,65.791,-18.9204,23.5,894,997,1125,0.23,348,595,69.69856,18.235888
86,65.7887,-18.5311,18.2,994,1063,1165,0.445,56,942,106.23985,20.877485
87,65.7958,-18.8457,21.4,1071,1184,1270,0.172,23,521,114.45629,21.525852
88,65.7907,-18.8193,17.8,860,1028,1265,1.745,7,1157,112.91215,20.715584
89,65.7981,-18.7767,19.5,955,1168,1259,0.313,278,636,80.45944,20.086143
90,65.796,-18.5407,31.8,1123,1173,1236,0.122,106,355,98.49763,19.604925
91,65.8086,-18.7128,19.9,853,1031,1227,0.295,112,879,102.51995,20.913776
92,65.8084,-18.7353,20.9,1041,1131,1199,0.377,332,771,70.38883,18.589172
93,65.8066,-18.7611,16.1,955,1086,1195,1.202,12,1172,112.68527,20.96064
94,65.8395,-18.4984,23.1,1135,1268,1329,0.084,284,320,78.721664,20.464102
95,65.8445,-18.5104,15.8,949,1058,1193,0.752,268,1107,75.83719,18.567196
96,65.8389,-18.4925,18.8,1099,1194,1326,0.167,90,399,102.56394,20.227577
97,65.804,-18.5213,18.7,983,1083,1210,0.582,23,1089,112.988434,21.369379
98,65.7977,-18.857,20.0,1020,1162,1300,0.195,25,804,115.95188,21.713839
99,65.8034,-18.869,19.1,1049,1156,1242,0.804,50,1102,107.15345,20.487501
100,65.806,-18.8891,24.7,1003,1133,1282,0.253,25,739,115.27953,21.538132
101,65.8116,-18.9033,22.8,842,1035,1194,0.587,52,862,111.21868,21.188652
102,65.8189,-18.9169,19.0,945,1038,1119,0.194,7,486,115.94539,22.023432
103,65.8395,-18.9696,15.7,829,929,1133,1.532,113,1438,93.64753,20.176334
104,65.8511,-18.9872,15.7,897,976,1120,0.732,296,742,71.21862,17.974686
105,65.8523,-18.9691,16.8,905,990,1155,0.882,55,1232,105.52413,20.888748
106,65.8577,-19.0423,15.9,859,1016,1034,0.473,35,1040,112.31746,21.794432
107,65.8564,-18.5008,20.4,1174,1257,1307,0.137,308,315,74.305244,20.567036
108,65.8542,-18.4895,15.8,905,1075,1312,0.572,89,931,104.81241,20.75149
109,65.865,-18.4618,18.7,1029,1159,1283,1.072,160,1392,89.71002,19.557428
110,65.4305,-18.9197,26.4,950,995,1047,0.044,12,195,113.5269,21.820564
111,65.8726,-18.9651,14.7,786,909,962,0.73,264,617,75.001396,18.264544
112,65.8742,-18.9484,14.4,827,921,998,0.718,155,863,89.25259,20.664967
113,65.8935,-18.8599,27.6,907,1055,1115,0.117,318,350,74.25818,19.255068
114,65.8932,-18.8067,23.3,851,969,1150,0.277,33,610,112.880714,21.68808
115,65.8933,-18.7368,17.7,843,976,1197,0.417,32,791,113.34204,21.815735
116,65.8947,-18.4847,22.8,763,842,936,0.249,285,644,74.16306,18.478548
117,65.4827,-18.4619,17.5,899,1147,1240,0.962,17,1568,118.39827,21.585224
118,65.4884,-18.4889,12.7,1001,1234,1303,1.612,58,1999,107.89094,20.296791
119,65.9022,-18.7596,23.1,885,1031,1195,0.165,72,679,107.98459,21.106392
120,65.902,-18.8436,18.2,870,1039,1180,0.679,45,1190,111.3948,21.385496
121,65.8967,-18.8207,27.4,990,1067,1121,0.232,86,517,101.91445,20.189959
122,65.9066,-18.7867,15.6,847,1048,1132,0.137,294,358,78.20286,19.782085
123,65.906,-18.7827,17.6,1033,1099,1127,0.069,117,195,96.39478,20.114534
124,65.9075,-18.7733,23.3,1138,1190,1211,0.078,256,261,77.9468,19.976446
125,65.9119,-18.7662,16.4,798,1029,1205,0.157,344,677,74.95757,18.860281
126,65.489,-18.4014,20.9,909,959,1067,0.142,38,465,109.29966,21.507532
127,65.9147,-18.6706,31.0,944,1019,1126,0.168,328,510,71.14208,18.674973
128,65.9165,-18.7346,21.0,780,895,1181,0.512,359,987,68.5051,17.36878
129,65.9095,-17.7568,14.4,962,1015,1043,0.531,99,901,97.35799,20.309755
130,65.9303,-17.7845,26.7,899,1010,1101,0.123,250,412,80.597824,20.201183
131,65.9542,-17.9963,21.6,1138,1161,1175,0.165,58,764,105.11603,20.609417
132,65.9516,-17.7748,15.6,785,1002,1199,0.967,337,1407,71.47448,16.783571
133,65.9491,-17.76,24.7,890,1074,1139,0.233,68,450,108.73012,20.872393
134,65.5026,-18.7727,21.8,1061,1115,1122,0.222,111,428,96.48293,19.81288
135,65.9571,-17.7482,29.2,969,1059,1082,0.123,26,439,112.84167,21.443134
136,65.9763,-17.7597,15.9,678,889,1091,2.165,355,2178,63.467163,14.123589
137,65.9758,-17.7333,25.0,846,967,1072,0.29,44,639,110.66309,21.381035
138,65.9895,-17.7351,24.2,864,986,1015,0.117,45,399,110.424,21.430677
139,65.8159,-19.0109,15.3,779,976,1121,1.13,62,1079,106.662254,21.002449
140,65.8222,-19.0311,15.9,753,956,1100,0.759,355,1033,69.36428,17.070292
141,65.9969,-17.7419,21.1,766,870,1052,0.229,85,621,103.739655,21.256897
142,66.001,-17.7621,17.4,716,815,939,0.229,261,471,77.61522,19.170082
143,66.0204,-18.1895,21.0,787,878,954,0.155,34,594,111.33202,22.047722
144,66.0215,-18.1951,21.6,856,882,954,0.051,329,180,69.065285,18.70583
145,66.0179,-17.7668,22.0,860,896,1037,0.187,282,440,73.87969,19.067232
146,66.0259,-18.2108,20.9,651,799,1056,0.548,39,818,112.19811,22.17458
147,66.0426,-18.5961,29.1,728,863,984,0.155,332,481,71.88207,18.096691
148,66.0505,-18.1545,23.1,774,864,900,0.127,28,448,111.991554,22.09703
149,65.5011,-18.5079,17.1,1116,1226,1259,0.36,55,803,107.818085,20.696169
150,66.0574,-18.2275,19.5,587,735,955,0.764,30,1070,112.65372,22.530931
151,66.0569,-18.2432,30.1,896,936,950,0.051,229,237,80.42727,19.98813
152,66.065,-18.2323,31.5,698,781,828,0.08,93,336,101.61681,21.195103
153,65.8225,-18.65,16.2,822,892,993,0.094,70,403,104.40953,21.454418
154,66.0692,-17.9799,30.2,796,896,954,0.114,152,376,92.81195,20.563162
155,66.0698,-17.9547,20.5,727,840,916,0.167,355,557,68.54482,17.870201
156,66.0682,-17.9553,29.2,818,862,910,0.073,234,283,80.15295,20.261814
157,66.077,-18.031,33.6,646,713,794,0.122,248,395,79.08718,19.493505
158,66.0798,-18.2344,25.5,503,706,838,0.206,359,591,70.67648,17.786531
159,66.0844,-18.25,20.9,632,765,858,0.219,66,416,106.823,22.023066
160,66.0924,-18.2535,18.2,460,528,606,0.144,19,523,113.20172,23.950033
161,66.0921,-18.1597,16.1,611,705,822,0.131,32,562,111.80454,22.998007
162,66.0964,-18.0211,38.2,695,859,980,0.125,331,460,73.28439,18.078583
163,65.5149,-19.0738,29.8,1062,1153,1240,0.094,358,226,69.64395,19.196318
164,66.1008,-18.0041,18.5,669,798,900,0.458,31,976,112.38124,22.460348
165,65.8266,-19.051,18.3,724,811,1032,0.343,8,599,115.50011,22.571384
166,66.1085,-18.0115,28.4,598,697,786,0.334,341,518,68.49147,17.613981
167,65.5102,-18.522,17.2,1059,1105,1229,0.272,5,549,114.722664,21.72833
168,65.5148,-18.7311,14.7,987,1151,1182,0.485,349,806,70.14693,18.177925
169,65.5172,-18.7466,17.2,1006,1089,1160,0.158,52,428,107.71795,21.071302
170,65.5266,-18.6444,20.9,1022,1089,1213,0.139,358,552,68.53984,18.685764
171,65.4311,-18.532,10.6,1041,1099,1125,0.164,331,313,69.447334,19.221275
172,65.5257,-18.6676,15.6,1032,1110,1240,0.77,11,1129,113.33643,21.25856
173,65.5328,-18.9893,21.6,1151,1170,1180,0.188,90,434,98.89656,19.945948
174,65.5399,-18.999,17.3,1174,1181,1197,0.275,95,555,97.30757,19.865501
175,65.5324,-18.3213,29.8,1047,1185,1326,0.191,33,605,114.549904,21.192879
176,65.5358,-18.3409,13.8,1005,1164,1362,0.926,30,1787,114.14788,21.303925
177,65.5309,-18.3536,28.6,1291,1327,1359,0.065,208,135,83.08967,18.75295
178,65.8172,-18.5001,18.0,1079,1244,1297,0.132,147,605,96.07991,19.828447
179,65.8198,-18.5002,18.5,1056,1216,1296,0.163,316,522,75.76175,19.978083
180,65.5491,-19.0103,21.3,1164,1191,1218,0.109,42,266,107.4082,20.94229
181,65.5432,-18.431,23.6,1160,1280,1349,0.206,5,500,118.08956,21.548536
182,65.5513,-18.4142,17.7,1184,1227,1295,0.245,301,534,73.127846,20.19019
183,65.5622,-19.0847,25.1,1004,1171,1266,0.117,339,472,73.83628,19.441807
184,65.5545,-18.3798,30.6,1244,1326,1361,0.061,86,293,103.12034,19.943157
185,65.5515,-18.3584,16.6,1026,1159,1407,1.539,9,1384,113.27402,20.520239
186,65.4362,-18.5008,22.5,1066,1150,1230,0.299,73,636,104.24909,20.298532
187,65.5646,-18.8346,21.1,1016,1099,1124,0.239,7,422,114.99576,21.72359
188,65.5545,-18.2824,16.5,1177,1275,1486,0.734,286,1087,75.852936,19.529572
189,65.5649,-19.1443,18.7,591,987,1253,0.497,316,2117,82.964455,17.954292
190,65.8198,-18.7053,14.9,821,964,1247,0.901,17,1627,115.90122,22.064133
191,65.8174,-18.7194,17.3,960,1055,1224,0.286,343,652,70.2327,18.561472
192,65.5644,-19.1113,18.2,804,979,1246,1.167,16,1726,116.06583,21.77426
193,65.5599,-18.4025,18.6,1095,1272,1379,0.793,314,1164,74.15954,18.49897
194,65.5666,-18.2821,18.4,1109,1225,1406,0.413,321,820,73.67107,19.333979
195,65.5733,-18.8574,16.8,990,1076,1156,0.232,38,525,110.015274,21.368456
196,65.5752,-18.8804,14.0,1001,1169,1244,1.894,73,1398,99.98797,19.30227
197,65.579,-18.9081,12.1,1021,1177,1252,2.095,334,1637,63.979946,14.918548
198,65.5822,-18.4123,21.6,1090,1205,1332,0.533,9,580,115.70437,21.216211
199,65.5477,-18.2358,15.8,1018,1141,1202,0.217,130,815,96.949715,20.151089
200,65.5515,-18.2514,19.7,1232,1366,1485,0.539,103,1104,101.51314,19.64568
201,65.5701,-18.248,14.7,799,1121,1522,2.465,359,3517,69.44989,14.235527
202,65.5847,-18.3719,16.5,1062,1195,1416,1.849,345,1554,64.97515,15.597214
203,65.5657,-18.3775,24.6,1175,1261,1321,0.17,97,424,100.9293,19.786255
204,65.5738,-18.3736,15.3,1168,1286,1415,0.837,141,1080,92.92592,19.09863
205,65.4337,-18.5637,15.8,1008,1083,1196,1.247,30,977,106.70507,20.324423
206,65.5824,-19.0354,14.2,950,1102,1260,1.346,8,1901,115.357155,21.302193
207,65.5947,-19.0637,16.0,756,996,1236,2.381,38,2456,109.51081,21.022705
208,65.5984,-18.3343,27.2,1433,1451,1461,0.208,96,446,98.73103,19.608644
209,65.8246,-18.7277,24.8,861,916,952,0.152,279,601,74.55801,19.096312
210,65.6017,-18.7201,13.9,959,1020,1264,1.469,21,1194,107.875824,20.531815
211,65.6076,-18.755,14.0,904,1044,1213,0.442,296,1214,75.636696,18.592182
212,65.5992,-19.0968,18.7,891,1014,1278,0.667,13,1345,116.58796,21.879637
213,65.6051,-19.1064,15.6,892,997,1268,0.937,76,1437,103.59804,20.80868
214,65.6136,-19.1278,16.5,957,1019,1198,0.999,46,1167,105.54226,20.664267
215,65.6115,-18.3434,11.1,1260,1347,1445,0.28,58,915,107.66868,20.759207
216,65.6105,-18.3511,15.7,1333,1375,1444,0.112,292,269,75.235794,20.310839
217,65.6243,-19.1399,15.9,967,994,1072,0.09,19,404,111.576096,21.915703
218,65.6319,-19.152,16.3,894,984,1076,0.099,345,375,69.51028,18.65704
219,65.6192,-18.8146,14.1,842,1079,1380,6.303,80,3210,81.74929,13.880816
220,65.6296,-18.8659,13.0,946,1138,1370,4.538,294,2685,58.125134,11.091325
221,65.6456,-18.2752,16.2,1121,1177,1273,0.377,245,622,78.338715,19.765318
222,65.445,-18.5078,22.0,1047,1123,1230,0.148,39,595,110.58914,21.213448
223,65.6616,-18.9317,11.3,952,1187,1240,0.578,203,1371,89.17973,20.89101
224,65.8225,-18.6789,16.5,874,973,1167,0.655,350,1341,67.88735,17.003595
225,64.4244,-20.5371,21.7,1046,1089,1139,0.113,12,292,113.080734,21.664423
226,64.9547,-18.7089,16.0,1025,1084,1142,0.147,22,569,112.19793,21.645777
227,64.9127,-18.7659,7.3,970,1370,1760,26.951,9,11228,61.290424,11.588125
228,64.8964,-18.5107,11.0,825,1303,1449,8.371,20,4073,90.922714,13.573815
229,64.8783,-18.495,10.5,969,1347,1447,1.687,107,2269,105.882225,20.43213
230,64.8704,-18.515,8.9,1226,1347,1449,1.681,162,1777,86.18869,18.571655
231,64.7091,-18.9286,6.7,734,1210,1696,101.432,183,17490,104.024284,97.39426
232,64.9129,-18.6489,8.1,902,1309,1681,77.307,25,13386,74.775185,57.64237
233,64.7989,-18.6422,4.9,715,1223,1762,264.536,117,22676,268.92392,344.5513
234,64.8167,-19.0484,9.0,866,1279,1763,103.558,269,14238,98.70553,98.247055
235,64.757,-19.0241,8.0,765,1308,1760,68.11,239,14751,72.52439,46.31115
236,64.7183,-18.78,6.0,651,1214,1675,77.758,152,20806,97.86113,65.63243
237,64.9014,-18.9072,5.5,937,1295,1764,157.818,324,16871,154.92169,181.8401
238,64.5468,-20.7865,29.1,846,974,1044,0.135,350,478,69.92054,18.203709
239,64.5336,-20.7471,9.8,872,1175,1340,6.625,236,2807,56.34467,9.554055
240,64.5542,-20.715,13.3,736,1156,1347,4.479,341,3923,62.814407,11.753002
241,64.5287,-20.6834,11.5,779,1173,1346,4.502,162,3178,82.79767,14.371551
242,64.5498,-20.6498,11.0,863,998,1340,2.937,67,4288,101.92861,21.254791
243,64.5577,-20.688,14.0,785,1125,1347,2.791,1,3592,120.087616,21.987951
244,64.5489,-20.7415,13.9,705,1162,1340,2.702,321,2926,73.34369,14.295465
245,64.5356,-20.6544,12.0,782,1143,1335,2.024,104,2276,104.02229,21.011353
246,64.5588,-20.652,11.7,866,1004,1340,2.304,49,3279,106.40947,21.329397
247,64.5286,-20.7093,11.6,925,1246,1341,1.023,181,2279,95.00644,21.215992
248,64.5465,-20.6429,10.7,921,989,1054,0.126,76,485,102.71708,21.263924
249,64.6143,-20.9479,26.6,775,806,865,0.101,314,270,70.0732,18.722864
250,64.6179,-20.9399,20.9,761,799,901,0.19,318,548,69.47019,18.15324
251,64.6081,-20.8835,10.6,970,1096,1180,3.378,352,2138,54.710953,12.318533
252,64.6179,-19.2267,12.6,995,1049,1089,0.383,350,633,66.25887,17.954926
253,64.6224,-19.2704,18.8,1036,1108,1215,0.457,30,397,109.668945,20.98515
254,64.6307,-19.2252,17.1,1091,1124,1177,0.09,96,280,98.60893,20.148617
255,64.5096,-19.8405,21.8,956,1059,1149,0.493,10,656,114.56019,21.476536
256,64.6395,-19.2978,19.5,980,1111,1267,0.528,51,751,108.900246,20.822145
257,64.6464,-19.3174,18.9,1042,1162,1322,0.249,352,865,70.85918,18.707033
258,64.6361,-19.3009,16.5,1098,1148,1204,0.1,282,381,75.01633,20.30331
259,64.6462,-19.2158,21.5,1205,1272,1323,0.087,52,326,107.534004,20.692474
260,64.6425,-19.1947,13.1,922,1140,1219,1.67,42,2109,109.80913,20.695013
261,64.6289,-19.2074,20.3,1116,1160,1213,0.061,312,230,72.064476,20.074451
262,64.6495,-19.2213,18.7,1139,1220,1320,0.128,353,581,69.875725,19.318884
263,64.6397,-19.2355,28.2,1241,1318,1406,0.087,96,391,101.42215,19.761879
264,64.6399,-19.2413,20.0,1244,1341,1409,0.09,282,266,77.726715,20.26957
265,64.649,-19.2337,25.5,1060,1196,1424,0.892,334,1237,70.920746,17.626078
266,64.6339,-19.2015,11.8,1147,1170,1219,0.251,157,773,88.54223,19.484697
267,64.6875,-20.5441,19.3,958,1055,1103,0.362,45,647,108.326004,21.162563
268,64.7083,-20.4326,17.2,760,819,939,0.431,360,515,64.91244,17.450823
269,64.7441,-19.7466,15.0,743,1220,1365,3.668,300,2401,70.737854,13.36564
270,64.7449,-19.715,19.2,737,1237,1405,0.705,13,1767,131.41362,22.93104
271,64.7443,-19.7058,24.0,744,1211,1403,0.498,15,1431,130.48703,22.749517
272,64.7351,-19.7015,22.8,833,1304,1406,0.483,82,1184,117.954216,21.438261
273,64.7398,-19.7025,20.4,1177,1309,1401,0.128,58,684,109.685104,20.814646
274,64.7459,-19.726,15.9,688,1253,1402,1.263,19,2911,132.35347,23.491934
275,64.761,-20.3921,13.7,1337,1498,1660,4.889,177,2622,70.99609,14.598394
276,64.7856,-20.4158,14.2,902,1456,1663,4.864,326,3627,68.663795,11.857999
277,64.7766,-20.3582,18.0,1035,1499,1662,2.838,70,2647,111.50501,19.527458
278,64.7858,-20.4618,19.1,993,1083,1222,0.608,323,900,70.10562,18.084784
279,64.7999,-20.3951,26.7,985,1246,1365,0.363,2,953,124.20881,21.890648
280,64.7663,-20.3635,13.9,1333,1514,1636,1.001,130,2071,98.381325,19.413185
281,64.7958,-20.3814,33.5,1275,1340,1393,0.056,58,375,107.38171,20.483202
282,64.7892,-20.3746,17.9,661,1444,1644,2.825,32,3984,134.19168,23.339548
283,64.7333,-17.9442,8.8,1171,1440,1545,9.578,220,4554,47.466442,8.253636
284,64.7623,-17.8485,7.1,1174,1350,1539,7.592,89,3309,70.7717,11.867866
285,64.7614,-17.9357,9.5,941,1339,1545,7.423,333,4133,54.429176,10.482004
286,64.7468,-17.9697,12.5,1066,1423,1539,2.53,300,1972,73.58727,15.506915
287,64.7406,-17.8905,15.7,1199,1507,1540,1.835,154,1910,94.16728,18.74329
288,64.7329,-17.9078,10.2,1340,1500,1527,0.683,132,954,95.79179,18.996902
289,64.7728,-17.8786,8.2,1058,1317,1540,8.796,350,4083,47.791378,8.043416
290,64.571,-20.4355,5.6,617,1016,1407,126.529,200,17393,129.04596,142.67818
291,64.8212,-20.0285,7.8,939,1196,1300,28.043,295,5890,42.04279,9.373552
292,64.7202,-19.9104,10.4,722,1090,1303,18.666,109,7300,49.74069,11.198104
293,64.8487,-19.8123,10.8,886,1163,1298,18.11,105,7249,46.43926,10.771915
294,64.6893,-20.2684,11.1,783,1261,1300,7.89,335,4585,54.8683,10.26805
295,64.6922,-20.2299,8.9,783,1262,1300,6.595,354,4977,57.43157,11.611072
296,64.5904,-20.6177,10.3,964,1243,1400,1.415,218,1460,85.0262,19.57985
297,64.5899,-20.5737,11.1,1092,1235,1411,0.992,150,1906,93.05311,19.949394
298,64.5903,-20.6348,8.2,1153,1185,1250,0.298,244,926,77.62876,20.097605
299,64.5913,-20.6492,12.5,982,1095,1144,0.179,266,451,77.866234,20.488516
300,64.8719,-19.898,10.9,979,1168,1300,53.685,350,6712,52.530132,30.577108
301,64.7826,-19.9016,7.7,758,1163,1321,95.137,108,12982,91.64157,92.72032
302,64.7261,-20.1136,7.9,757,1173,1300,115.166,318,14405,115.63207,125.57794
303,64.5694,-20.096,12.2,739,946,1266,22.918,138,6768,45.12793,11.008061
304,64.6719,-20.3716,6.1,798,1205,1340,77.882,331,8390,73.69629,65.57941
305,64.8316,-19.8551,11.4,968,1230,1300,9.449,117,4935,59.322212,8.775391
306,64.7004,-20.2535,11.9,756,1226,1289,2.927,351,3676,69.84718,13.382663
307,64.5889,-20.5972,10.7,1092,1253,1412,2.371,180,1848,81.52606,18.388933
308,64.5711,-20.2417,6.6,468,1104,1340,131.173,176,19874,141.03127,151.44423
309,64.6423,-20.0311,12.3,445,1114,1300,157.045,121,17821,162.49431,190.62518
310,64.6369,-20.5288,9.3,740,1091,1412,41.287,311,8523,48.272327,15.081279
311,64.8955,-18.4715,24.0,1026,1222,1300,0.179,33,617,116.04014,21.343376
312,63.6125,-19.541,11.2,506,1156,1636,15.73,147,6358,58.795643,10.616802
313,63.6344,-19.4886,11.2,784,1138,1317,3.882,54,1953,101.265976,18.965378
314,63.6282,-19.7147,9.1,948,1125,1354,1.635,239,2632,78.74833,17.09855
315,63.5994,-19.5772,14.6,968,1171,1363,1.088,156,1154,92.39665,19.62169
316,63.6428,-19.6206,14.7,230,1429,1645,7.841,359,6854,84.62691,13.745025
317,63.6448,-19.5094,12.1,750,1058,1295,2.982,12,2613,113.49731,20.863062
318,63.6212,-19.6819,11.5,875,1216,1603,7.534,235,4989,58.94767,9.813588
319,63.6417,-19.7082,9.9,775,1127,1536,5.974,295,5468,61.021084,10.731056
320,63.6039,-19.6051,15.3,690,1222,1645,4.249,190,4189,89.75174,14.49889
321,63.6083,-19.6597,12.4,807,1173,1602,3.421,209,3925,84.43374,14.826489
322,63.6395,-19.5881,18.1,688,1127,1564,3.414,33,3178,116.02671,21.190622
323,63.6069,-19.6327,13.8,803,1184,1618,4.637,184,4178,82.5556,13.466676
324,63.6491,-19.6625,16.5,738,1190,1570,6.51,350,3095,58.249683,12.2569895
325,63.6409,-19.5547,13.6,240,1150,1593,10.889,8,6835,99.64694,12.048005
326,63.9964,-19.6618,29.9,1161,1329,1458,0.176,344,434,74.23146,19.924082
327,63.606,-18.9759,8.9,190,1006,1489,145.022,96,22219,160.4578,172.21916
328,63.6135,-19.3353,9.6,623,1096,1383,18.064,202,7013,52.98485,10.933868
329,63.5615,-18.993,10.2,611,964,1401,7.13,128,6488,78.31069,10.822045
330,63.6973,-19.3053,12.8,703,1210,1374,4.655,296,4765,69.99472,11.659447
331,63.6358,-19.4017,12.6,750,1059,1195,3.83,335,2835,60.210575,11.882238
332,63.6865,-19.2752,14.6,994,1322,1381,1.735,271,2762,79.26677,16.361586
333,63.6635,-19.308,13.5,864,1305,1422,1.622,275,1995,82.84831,17.199495
334,63.5557,-19.1377,11.0,779,1056,1424,2.98,190,3661,84.534035,15.716115
335,63.7409,-18.9994,5.5,461,937,1375,111.562,34,13911,110.7125,119.788925
336,63.7057,-19.2843,15.5,776,1239,1370,2.736,328,2718,72.34804,14.17429
337,63.5687,-19.2382,9.2,837,981,1121,1.757,224,2649,77.62898,16.43853
338,63.7168,-19.1906,9.6,593,1064,1488,106.223,340,14239,107.4165,110.75582
339,63.5996,-19.2353,8.2,124,1238,1494,55.095,220,16466,86.80806,39.271133
340,63.6754,-18.9861,7.9,333,1100,1411,43.199,93,15853,81.56098,24.30621
341,63.5698,-19.1744,9.8,505,1143,1445,22.132,214,8513,59.112625,12.734842
342,63.6459,-19.3082,12.1,514,1301,1496,18.071,299,7513,62.819164,12.273686
343,63.5638,-19.0469,12.2,405,1197,1440,12.414,152,5680,65.42309,9.897949
344,63.561,-19.0939,14.0,580,1211,1446,9.343,185,4970,65.38099,10.800002
345,63.6747,-19.2977,13.2,477,1339,1421,8.659,288,5597,69.687675,11.387336
346,63.6501,-18.946,9.6,370,863,1379,20.386,86,10381,62.451435,11.978106
347,64.0039,-19.6416,30.5,969,1062,1192,0.115,343,375,70.5219,18.697977
348,63.796,-19.5576,12.3,738,1114,1440,4.835,73,4418,99.1627,17.334496
349,63.7825,-19.5873,10.1,1038,1176,1440,2.324,175,1983,82.44712,18.607924
350,63.8099,-19.598,14.9,900,1066,1233,1.04,351,1741,67.9894,16.189896
351,63.7995,-19.6061,9.7,935,1130,1244,1.217,287,2213,74.466736,16.670223
352,63.8039,-19.5996,10.1,1133,1178,1234,0.094,255,460,77.33441,20.185791
353,63.8146,-19.5606,15.3,840,1116,1276,1.015,352,1760,71.78824,16.555912
354,63.7815,-19.6103,10.2,1025,1168,1231,0.553,243,681,79.75137,19.868444
355,63.8151,-19.5741,15.3,835,1043,1239,0.621,350,1729,71.69263,17.014675
356,63.7863,-19.56,19.1,1330,1387,1443,0.06,129,549,95.25821,19.298407
357,63.7861,-19.5517,30.4,1194,1372,1418,0.107,70,577,109.43178,20.255144
358,63.7919,-19.6164,11.8,860,1132,1256,2.783,308,2959,67.12681,13.190909
359,63.8801,-19.1201,17.2,974,1062,1127,0.183,240,678,80.10318,19.945778
360,63.8943,-19.1106,27.1,1011,1108,1211,0.075,58,535,108.28305,20.772144
361,63.8918,-19.1383,10.3,988,1119,1207,1.372,266,1761,73.281334,16.931171
362,63.8872,-19.1172,11.3,1038,1111,1165,0.232,44,834,108.58434,21.295607
363,63.8987,-19.1272,17.8,1008,1090,1226,0.616,2,1216,116.032936,21.514458
364,63.9034,-19.0009,11.1,889,1035,1165,5.623,350,3021,48.471127,10.24834
365,63.8977,-18.9661,13.4,972,1065,1160,1.222,35,1659,107.71201,20.672564
366,63.8898,-18.9774,16.4,1057,1142,1160,0.082,168,358,89.13588,19.55738
367,63.8881,-18.9963,10.0,1136,1160,1180,0.472,79,595,99.00834,20.045216
368,63.8904,-19.0291,8.9,931,1056,1179,3.552,277,2977,61.02384,11.6406765
369,63.9374,-18.9,21.5,1005,1037,1072,0.102,67,347,103.164024,20.616344
370,63.9428,-18.9505,22.5,1042,1092,1119,0.093,49,334,106.93798,20.852638
371,64.1719,-16.1036,29.4,780,963,1090,0.394,337,564,72.04066,17.567339
372,64.5061,-15.4149,21.5,985,1105,1140,0.189,32,559,112.668434,21.216463
373,64.524,-15.3421,18.2,1043,1124,1208,0.308,19,579,113.2543,21.225739
374,64.5389,-15.2323,25.0,1051,1111,1289,0.363,43,603,108.98639,20.575197
375,64.5333,-15.2249,31.5,1087,1183,1220,0.109,82,305,103.84079,19.741543
376,64.5867,-16.2675,3.0,649,1283,1810,1428.724,19,57016,1505.5955,2087.6548
377,64.1951,-16.214,20.1,854,1042,1191,0.818,288,1225,75.809006,17.464338
378,64.4229,-15.6536,16.6,921,1044,1140,0.627,38,717,109.822556,20.91125
379,64.6417,-16.6141,14.7,1547,1756,1908,0.719,126,869,100.57276,18.926203
380,64.3619,-15.7348,26.5,954,991,1051,0.065,129,285,94.1098,19.706442
381,64.2439,-15.9161,20.0,912,1054,1176,0.404,118,766,98.92428,20.063318
382,64.2482,-15.8961,14.5,933,1080,1306,0.467,155,639,93.29611,19.942904
383,64.2291,-16.1606,28.6,821,1053,1276,0.504,89,855,107.70794,20.496288
384,64.3732,-15.8417,17.3,928,1061,1211,0.547,135,1125,95.94909,20.084785
385,64.1227,-16.9853,18.5,1100,1175,1250,0.092,200,391,85.1143,19.434074
386,64.3968,-17.3278,30.9,1602,1646,1688,0.174,185,300,87.173676,18.352852
387,64.5402,-15.339,14.8,886,1031,1281,0.651,95,1317,103.29597,20.65613
388,64.3657,-15.8913,14.9,1041,1238,1401,0.455,136,1528,99.82651,20.197506
389,64.2383,-15.926,22.6,937,1010,1123,0.192,132,588,94.98721,19.881023
390,64.2425,-15.927,21.3,1062,1139,1258,0.142,137,482,94.593285,19.436357
391,64.2209,-16.1432,29.6,761,1077,1416,0.451,29,1250,123.384834,21.961437
392,64.2471,-15.9547,23.1,886,1044,1182,0.354,211,562,86.13289,20.147686
393,64.2508,-15.9559,14.5,1160,1240,1383,0.254,180,478,87.77524,19.148808
394,64.1808,-16.1261,22.9,888,994,1100,0.297,68,680,105.991554,20.676315
395,64.2601,-16.0165,17.0,1126,1275,1350,0.272,266,469,79.83211,19.963806
396,64.2593,-16.1622,13.6,916,1045,1139,0.252,191,988,88.278564,20.669077
397,64.2435,-15.9402,27.2,970,1134,1260,0.179,238,582,84.24187,20.066298
398,64.1224,-16.9654,23.4,1089,1264,1400,0.241,196,214,88.883514,19.255976
399,64.6476,-16.6055,18.4,1659,1764,1857,0.133,110,451,101.25524,19.85522
400,64.222,-16.1509,35.7,889,1119,1308,0.1,35,566,118.63308,21.30205
401,64.1182,-17.0372,28.6,1037,1110,1220,0.138,131,431,95.40991,19.382427
402,64.3353,-15.9194,22.6,938,1145,1316,0.818,67,1109,108.84967,20.286354
403,64.1205,-16.9438,15.5,1213,1310,1361,0.16,188,340,86.98692,18.920076
404,64.1909,-16.214,19.7,1021,1068,1136,0.062,177,152,86.90364,19.54012
405,63.9944,-16.529,15.5,530,942,1571,4.319,89,3967,102.02358,17.899113
406,64.0324,-16.5476,11.7,24,1187,2030,63.469,95,15618,87.30586,42.615288
407,64.6029,-15.3421,10.3,448,1056,1552,30.587,75,12720,69.958206,12.676198
408,64.6757,-16.6434,9.6,987,1657,1889,26.1,347,11182,59.74998,13.98436
409,64.6869,-17.4965,8.7,1081,1582,2000,28.767,333,9351,51.353214,11.761973
410,64.6358,-15.3804,9.8,635,1091,1548,22.231,52,9161,59.666298,11.414037
411,64.4575,-15.7131,9.7,239,1124,1441,29.902,85,13867,80.289116,13.74876
412,64.6516,-15.4272,8.6,841,1135,1418,12.524,39,6832,60.707104,9.689665
413,64.5585,-15.3522,12.8,702,1123,1531,8.798,98,5911,76.373024,9.772102
414,64.6383,-17.6243,9.5,1288,1536,2000,8.953,282,5696,51.06058,9.111435
415,64.282,-17.7021,3.1,607,1233,1701,757.308,220,51856,811.1512,1094.1106
416,64.1791,-16.1297,21.3,936,1012,1086,0.096,192,440,86.24019,20.04177
417,64.1853,-16.1531,10.1,502,1058,1503,7.056,171,5518,79.18376,11.468133
418,64.5812,-15.3107,17.2,948,988,1040,0.118,171,327,87.351776,20.063976
419,64.5835,-15.289,15.3,1018,1081,1131,0.254,168,457,88.07215,19.659882
420,64.5805,-15.3386,14.8,788,1151,1484,5.051,111,3841,90.44086,15.226421
421,64.6593,-15.4767,10.4,891,1169,1365,6.052,23,4013,96.609406,16.847813
422,63.9633,-16.601,15.7,226,1177,1831,5.543,131,7048,114.61133,15.596487
423,64.5628,-17.7174,4.5,943,1400,2000,319.463,280,28541,330.4611,424.74283
424,63.9697,-16.6955,15.0,247,1256,1842,7.119,223,5930,91.65852,14.51286
425,63.947,-16.632,14.2,989,1034,1079,0.069,151,326,90.39395,19.889153
426,63.9565,-16.6244,14.9,408,1199,1826,4.916,158,5130,104.86334,15.9130335
427,63.9583,-16.6837,14.8,424,1144,1818,4.499,229,4282,92.45559,15.105411
428,63.9597,-16.6533,13.0,795,1251,1845,6.146,182,4944,81.11456,12.308611
429,64.1871,-16.1831,13.3,643,1012,1221,3.438,206,3276,81.093704,14.031275
430,64.2804,-16.094,14.7,535,1248,1360,4.219,164,3122,96.60973,15.528527
431,64.2076,-16.0979,26.9,898,1007,1053,0.212,29,429,112.44908,21.295404
432,64.2105,-16.1137,25.1,844,982,1210,0.424,33,775,113.69877,21.313116
433,64.2155,-16.1297,26.4,382,957,1514,1.757,37,2233,128.84076,23.651066
434,64.3718,-15.8742,14.1,764,1197,1404,3.7,136,1647,91.59214,17.508713
435,63.9832,-16.5299,14.6,723,939,1297,2.112,108,2650,99.17439,20.868639
436,64.1006,-16.8498,15.3,670,1157,1332,2.022,266,2840,84.68091,15.97566
437,64.4603,-15.6116,21.9,607,697,814,0.22,108,697,99.49771,21.80094
438,64.6609,-15.5134,11.4,940,1173,1370,2.929,344,3011,63.1378,12.835907
439,64.6707,-16.699,14.8,1185,1700,1827,2.505,344,2059,77.34946,15.94894
440,64.3759,-15.818,12.8,821,1019,1199,1.832,148,2224,91.34018,19.567333
441,64.4179,-15.6722,16.8,768,1022,1192,1.599,137,1398,95.16043,20.279516
442,64.3475,-17.927,2.9,761,1159,1674,271.069,248,46055,315.26694,365.08633
443,64.5135,-15.4527,14.3,931,1129,1285,1.761,236,1820,78.323685,17.046017
444,63.9905,-16.7362,16.0,141,1141,2077,16.734,247,10571,79.852264,13.42626
445,64.6802,-16.5896,19.7,1266,1593,1773,2.04,77,1729,107.86541,18.72391
446,64.2685,-16.0451,14.8,728,1198,1259,1.807,207,1887,91.37766,18.348001
447,64.1957,-16.1304,19.2,798,1039,1355,1.74,129,2463,98.69717,20.926386
448,64.0426,-16.779,20.0,976,1030,1157,0.068,178,720,88.196266,20.04193
449,64.0441,-16.7596,28.2,598,1365,1858,1.595,238,2547,106.52173,19.637466
450,64.2026,-16.1126,17.7,860,989,1252,1.223,141,1448,92.557755,20.009768
451,64.3746,-15.7803,14.3,1092,1123,1199,0.237,262,620,75.923195,19.741266
452,63.9798,-16.7116,14.1,599,1324,1847,4.502,253,5349,90.54436,14.168049
453,64.6678,-16.5892,16.1,1294,1667,1790,1.107,103,1870,110.21784,19.614546
454,64.2373,-16.17,21.9,875,1054,1331,1.034,38,1082,112.14634,20.707438
455,64.488,-17.83,22.2,1150,1411,1536,0.684,283,975,81.72406,20.148178
456,64.053,-16.7953,15.5,1103,1311,1513,0.836,235,582,83.42093,19.498238
457,64.1618,-16.1805,16.5,818,976,1099,0.706,315,1003,71.72249,17.08929
458,64.166,-16.1714,16.5,935,951,1087,0.057,320,357,69.8351,18.592834
459,64.0479,-16.7766,21.4,707,1199,1755,0.983,244,2315,97.40634,19.749823
460,64.6316,-16.6322,14.0,1576,1771,1865,0.809,133,652,97.56125,18.618732
461,64.4201,-15.6908,12.3,944,1081,1204,0.871,202,1816,85.237526,19.90836
462,64.382,-15.793,19.9,1112,1207,1259,0.101,81,359,103.735504,20.00998
463,64.0224,-17.2794,6.7,339,357,378,0.176,178,853,86.77752,22.626978
464,64.422,-15.8569,6.1,74,1280,1525,212.267,123,31183,243.14452,275.45468
465,64.5191,-15.656,4.2,58,1196,1504,240.05,138,28814,264.86053,318.41605
466,64.2517,-15.9802,16.4,843,1307,1383,0.569,145,979,106.37232,20.878447
467,64.2758,-16.1302,12.0,222,1223,1336,9.924,187,4708,76.46942,12.429186
468,64.3623,-15.7735,20.3,936,1098,1262,0.787,261,683,78.308365,18.722692
469,64.5482,-15.4183,11.1,206,1110,1519,38.496,163,15140,81.862785,19.276075
470,64.3468,-15.9305,10.1,65,1228,1526,93.266,113,23340,129.12831,95.32038
471,64.6284,-15.6083,6.2,781,1161,1542,129.639,354,18985,135.41425,145.85078
472,64.4551,-17.7859,4.3,913,1364,1885,181.416,263,30558,199.49046,218.73079
473,64.0267,-16.7414,13.9,101,1411,2068,32.229,260,12889,78.17774,14.394326
474,64.2977,-17.1417,7.3,111,1339,1957,1561.218,201,61535,1653.2946,2288.5276
475,63.9845,-16.5889,12.7,43,1540,2087,25.754,138,14190,91.39719,16.26413
476,64.6745,-17.0539,4.9,752,1440,2000,1060.639,26,45502,1111.7451,1530.7775
477,64.3037,-15.9847,7.3,60,1196,1524,137.057,128,26747,168.07121,160.6303
478,64.0963,-16.7823,8.4,99,1304,1892,90.482,233,20508,114.381035,84.22818
479,64.6659,-17.5391,10.7,1264,1826,2000,10.496,342,6239,57.5313,8.545012
480,64.1303,-16.8613,8.2,181,1267,1422,30.442,229,11556,72.885185,13.49548
481,64.6539,-16.6008,16.5,1259,1717,1858,1.276,89,1792,115.24536,19.799936
482,64.2666,-16.4767,9.0,97,1334,1878,1067.745,135,53427,1135.5212,1553.8893
483,64.4743,-15.3655,24.9,947,1114,1253,0.757,22,726,114.50212,20.784548
484,64.4692,-15.3587,18.6,1141,1194,1241,0.095,212,255,82.62745,19.254383
485,64.4712,-15.35,18.8,1123,1191,1241,0.082,100,441,99.92351,19.742926
486,64.5213,-14.9446,17.6,692,1037,1294,2.693,20,1993,114.51698,20.66604
487,64.5119,-14.959,23.8,1073,1176,1226,0.07,149,325,93.52748,19.2393
488,64.5131,-14.9495,28.8,1029,1115,1199,0.144,134,565,95.65101,19.35644
489,64.5154,-14.9519,23.1,1149,1200,1283,0.095,138,190,93.24605,19.039633
490,64.5183,-14.9759,24.3,952,1090,1270,0.272,299,767,76.321556,18.911367
491,64.5125,-14.972,20.5,881,984,1162,0.47,218,830,83.27648,20.045443
492,64.5163,-14.9746,23.4,1053,1124,1271,0.054,208,680,85.42207,19.816135
493,64.5158,-14.964,26.6,1162,1249,1295,0.071,224,202,82.83518,19.130259
494,65.1617,-13.9176,38.0,869,986,1055,0.132,354,261,69.79346,17.971437
495,65.4234,-13.946,21.1,861,939,979,0.114,25,301,112.24637,21.635635
496,64.5824,-15.0034,13.4,980,1075,1152,0.587,301,1205,72.08349,17.762688
497,65.5046,-13.9541,18.3,604,704,877,0.45,302,839,72.39424,17.115196
498,65.5131,-13.9386,24.3,594,719,964,0.386,73,855,106.782364,21.910355
499,65.5204,-13.925,21.5,653,733,827,0.263,171,570,89.548134,21.132654
500,65.5236,-13.943,30.1,647,758,883,0.097,341,404,70.5812,17.765396
501,65.526,-13.9172,48.1,793,894,994,0.059,23,226,115.05088,21.346315
502,65.5797,-14.7823,21.0,1154,1213,1243,0.243,20,522,112.579414,21.067987
503,64.5527,-15.0107,19.5,954,1104,1182,0.636,252,720,79.21021,19.168884
504,64.5583,-14.9997,25.6,915,1066,1184,0.217,61,586,109.55103,20.731802
505,64.5427,-14.9914,23.4,929,1038,1100,0.106,233,257,82.1525,19.931942
506,64.5471,-14.993,23.5,947,1068,1174,0.321,61,572,107.66504,20.526512
507,65.5886,-14.781,23.0,980,1106,1228,0.072,303,391,76.14796,19.65025
508,65.6069,-14.77,19.8,1075,1207,1228,0.173,300,564,75.91216,19.760117
509,65.6194,-14.7687,18.7,1084,1160,1187,0.519,35,1106,110.02926,20.78357
510,65.632,-14.7525,20.5,1025,1122,1159,0.446,68,812,105.01525,20.250246
511,64.6199,-15.0448,10.4,914,1085,1161,2.771,43,1526,100.74488,18.947937
512,64.7077,-14.9002,11.5,948,1082,1235,5.543,39,2408,87.652626,16.622486
513,64.6827,-14.9118,12.7,934,1124,1235,3.116,226,2121,71.85747,14.277293
514,64.7342,-14.6151,27.0,1037,1129,1143,0.159,30,366,111.99292,20.989912
515,64.8041,-15.581,24.8,1173,1508,1822,0.825,311,1450,83.65155,19.721607
516,64.8096,-15.581,20.9,1112,1344,1687,0.449,296,1571,82.76023,19.938015
517,64.7948,-15.5788,21.3,1138,1553,1824,0.966,251,2173,93.29462,20.554005
518,64.8133,-15.557,17.7,1269,1425,1563,0.249,21,856,117.938934,21.148895
519,64.7943,-15.5542,23.4,1251,1604,1825,0.406,110,1009,111.18721,19.823437
520,64.7979,-15.5447,22.7,1202,1460,1819,0.482,104,1018,108.75175,19.794758
521,64.8044,-15.5568,19.4,1412,1624,1825,0.437,66,888,112.397736,20.19203
522,64.8079,-15.5414,28.5,954,1173,1413,0.707,71,1239,110.455345,20.306744
523,64.8953,-14.0733,31.3,832,924,1050,0.09,252,320,80.032616,19.803368
524,64.9161,-14.4749,29.2,1017,1097,1118,0.193,13,392,114.55121,21.278276
525,64.9267,-14.2761,21.1,1015,1130,1181,0.066,155,516,93.36349,19.674803
526,64.9292,-14.2772,20.0,976,1094,1178,0.139,287,401,76.635124,19.580528
527,64.9016,-14.1066,36.8,777,935,1015,0.33,349,365,70.31088,17.491169
528,64.9496,-14.3707,22.6,969,1038,1135,0.207,225,541,81.90921,19.83092
529,64.9661,-14.3539,23.0,764,898,1112,0.514,322,756,71.87464,17.28583
530,64.9682,-14.2722,33.6,877,1022,1059,0.091,216,293,85.93861,20.150675
531,64.9832,-14.1054,33.6,813,898,1099,0.236,347,481,69.379074,17.506104
532,64.9884,-14.1311,27.6,767,876,994,0.117,315,305,73.01133,18.173326
533,65.0382,-14.4286,21.7,865,1007,1076,0.212,35,516,113.00261,21.406834
534,65.0777,-14.4298,25.3,932,1060,1143,0.282,293,560,75.602264,18.84345
535,65.9185,-23.1398,27.2,792,868,900,0.21,52,494,106.7306,21.638039
536,65.9195,-23.1219,26.8,674,763,796,0.138,355,371,67.527054,18.45412
537,65.9437,-23.1778,32.7,793,838,876,0.056,89,285,100.5148,21.081926
538,66.1414,-22.2454,10.2,246,688,920,41.863,214,7189,53.058945,25.124857
539,66.192,-22.2309,11.0,411,672,919,23.922,55,5880,47.67554,9.58336
540,66.0958,-22.1436,11.0,448,673,842,22.746,218,5483,48.887486,12.542419
541,66.2195,-22.2964,14.6,538,708,842,2.856,1,2321,108.88906,21.96479
542,66.2209,-22.3261,15.8,481,686,814,2.573,332,3158,62.08889,13.119044
543,66.1919,-22.3479,12.0,101,673,920,28.849,287,7380,60.492455,15.006988
544,66.1346,-22.1257,12.9,479,713,842,16.482,52,3106,43.257275,9.433709
545,66.3652,-22.4648,21.8,558,645,680,0.132,355,408,67.58235,19.522934
546,66.2776,-22.3332,20.9,304,416,504,0.248,228,510,81.697426,20.046947
547,64.7944,-23.7896,17.2,1094,1244,1411,0.325,210,731,86.28466,20.031637
548,66.0964,-22.0649,14.0,583,672,842,6.64,129,2789,62.14685,9.981485
549,65.9088,-18.767,19.5,1126,1187,1213,0.137,92,563,100.68357,20.129107
550,65.8811,-18.9507,24.6,896,959,997,0.236,324,559,69.8197,18.281197
551,65.6411,-18.7454,13.2,1132,1181,1275,0.224,15,840,113.671585,21.643898
552,64.7044,-14.9332,13.3,984,1068,1237,5.616,286,1973,49.145,9.20719
553,64.687,-14.8827,11.1,965,1115,1233,2.77,91,1573,92.33357,18.317913
554,64.614,-15.0576,10.6,1027,1117,1164,2.198,287,1061,64.65574,14.965585
555,64.5137,-15.4282,24.6,939,1126,1290,0.478,56,837,111.27461,20.653803
556,64.253,-15.9982,13.1,1104,1324,1382,0.39,234,538,85.013466,19.966293
557,64.2152,-16.203,11.4,766,919,1334,12.974,304,5586,44.73799,7.103545
558,64.1099,-17.0576,19.7,978,1125,1223,0.314,134,782,96.91337,19.853312
559,64.1058,-17.0734,-9.0,-999,-999,-999,0.126,-9,-9,129.06477,56.207626
560,64.6533,-17.5971,10.0,1206,1589,2000,6.227,315,5475,62.52506,10.053613
561,64.656,-17.5672,12.0,1256,1827,2000,9.182,326,5466,59.319096,9.152863
562,64.6913,-16.6627,16.7,1279,1629,1790,3.32,342,2139,67.60368,14.154526
563,63.8096,-19.58,14.2,1001,1128,1272,0.771,331,1424,69.99111,17.341614
564,63.91,-18.9673,16.8,923,996,1145,0.457,356,863,66.589226,17.371506
565,64.5986,-20.643,13.2,862,1096,1397,2.824,290,2711,68.87848,13.89803
566,64.7336,-19.7185,9.5,1348,1378,1405,0.34,225,644,79.626595,19.368574
567,64.7684,-20.431,12.1,1205,1423,1664,4.837,250,3009,64.35912,11.920053
